time,delta,elbow_angle,elbow_velocity,elbow_torque,motor_current
0.014,0.014,161.75,2310.7142857142853,0.1,-0.02911209405637255
0.062,0.048,185.0,2407.5892857142853,0.1,-0.029174325980392157
0.079,0.017,186.25,2422.2951680672268,0.1,-0.02310671338848039
0.096,0.017,185.25,2410.530462184874,0.1,-0.024880323223039215
0.112,0.016,185.0,2407.405462184874,0.1,-0.026093845741421567
0.129,0.017,185.0,96.69117647058823,0.1,-0.026840628829656862
0.145,0.016,185.0,-0.18382352941176378,0.1,-0.02696509267769608
0.161,0.016,185.0,-14.889705882352938,0.1,-0.027338484221813727
0.178,0.017,185.0,-3.125,0.1,-0.027587411917892157
0.194,0.016,185.0,0.0,0.1,-0.027431832107843137
0.21,0.016,185.0,0.0,0.1,-0.02721402037377451
0.227,0.017,185.0,0.0,0.1,-0.02761852787990196
0.243,0.016,185.0,0.0,0.1,-0.02736960018382353
0.26,0.017,184.5,-5.88235294117647,0.1,-0.02730736825980392
0.276,0.016,185.0,0.3676470588235297,0.1,-0.02761852787990196
0.296,0.02,185.0,0.3676470588235297,0.1,-0.028458658854166666
0.313,0.017,185.0,0.3676470588235297,0.1,-0.029080978094362744
0.329,0.016,185.0,0.3676470588235297,0.1,-0.027836339613970588
0.346,0.017,185.25,9.191176470588236,0.1,-0.02911209405637255
0.362,0.016,185.0,-0.18382352941176486,0.1,-0.027805223651960784
0.378,0.016,185.0,-0.18382352941176486,0.1,-0.029080978094362744
0.395,0.017,185.0,-0.18382352941176486,0.1,-0.029080978094362744
0.411,0.016,185.0,-0.18382352941176486,0.1,-0.029143210018382354
0.428,0.017,185.0,-3.125,0.1,-0.028427542892156862
0.444,0.016,185.0,0.0,0.1,-0.029143210018382354
0.46,0.016,185.0,0.0,0.1,-0.029018746170343137
0.477,0.017,185.0,0.0,0.1,-0.029143210018382354
0.493,0.016,185.0,0.0,0.1,-0.029174325980392157
0.51,0.017,185.0,0.0,0.1,-0.029174325980392157
0.526,0.016,185.0,0.0,0.1,-0.029236557904411764
0.542,0.016,185.0,0.0,0.1,-0.029143210018382354
0.559,0.017,185.0,0.0,0.1,-0.029236557904411764
0.575,0.016,185.0,0.0,0.1,-0.029267673866421567
0.591,0.016,185.0,0.0,0.1,-0.029298789828431374
0.608,0.017,185.0,0.0,0.1,-0.028303079044117645
0.624,0.016,185.0,0.0,0.1,-0.02936102175245098
0.641,0.017,185.0,0.0,0.1,-0.028925398284313727
0.657,0.016,185.0,0.0,0.1,-0.029267673866421567
0.673,0.016,185.0,0.0,0.1,-0.02936102175245098
0.689,0.016,185.0,0.0,0.1,-0.029423253676470588
0.706,0.017,185.0,0.0,0.1,-0.02945436963848039
0.722,0.016,185.0,0.0,0.1,-0.029423253676470588
0.738,0.016,185.0,0.0,0.1,-0.029485485600490195
0.754,0.016,185.0,0.0,0.1,-0.029578833486519608
0.771,0.017,184.75,-2.941176470588235,0.1,-0.029578833486519608
0.787,0.016,184.75,-2.941176470588235,0.1,-0.02911209405637255
0.803,0.016,185.0,0.18382352941176486,0.1,-0.029578833486519608
0.82,0.017,185.0,0.18382352941176486,0.1,-0.029329905790441178
0.836,0.016,185.0,0.18382352941176486,0.1,-0.029423253676470588
0.853,0.017,185.0,3.125,0.1,-0.0295166015625
0.869,0.016,185.0,3.125,0.1,-0.029547717524509805
0.885,0.016,185.0,0.0,0.1,-0.02960994944852941
0.902,0.017,185.0,0.0,0.1,-0.029547717524509805
0.918,0.016,185.0,0.0,0.1,-0.029578833486519608
0.934,0.016,184.5,-6.25,0.1,-0.02960994944852941
0.951,0.017,185.0,-0.3676470588235297,0.1,-0.029578833486519608
0.967,0.016,185.0,-0.3676470588235297,0.1,-0.029889993106617645
0.984,0.017,185.0,-0.3676470588235297,0.1,-0.029641065410539215
1.0,0.016,185.0,-0.3676470588235297,0.1,-0.029392137714460784
1.016,0.016,185.0,5.88235294117647,0.1,-0.029578833486519608
1.033,0.017,185.0,0.0,0.1,-0.029485485600490195
1.049,0.016,185.0,0.0,0.1,-0.029547717524509805
1.066,0.017,185.0,0.0,0.1,-0.029641065410539215
1.082,0.016,185.0,0.0,0.1,-0.02960994944852941
1.098,0.016,185.0,0.0,0.1,-0.029578833486519608
1.115,0.017,185.0,0.0,0.1,-0.029641065410539215
1.131,0.016,185.0,0.0,0.1,-0.029641065410539215
1.147,0.016,185.0,0.0,0.1,-0.02967218137254902
1.164,0.017,185.0,0.0,0.1,-0.02967218137254902
1.18,0.016,184.75,-3.125,0.1,-0.02967218137254902
1.197,0.017,185.0,-0.18382352941176486,0.1,-0.0295166015625
1.213,0.016,185.0,-0.18382352941176486,0.1,-0.029641065410539215
1.229,0.016,185.0,-0.18382352941176486,0.1,-0.029641065410539215
1.246,0.017,185.0,-0.18382352941176486,0.1,-0.029703297334558825
1.262,0.016,185.0,2.941176470588235,0.1,-0.029703297334558825
1.279,0.017,185.0,0.0,0.1,-0.029703297334558825
1.295,0.016,185.0,0.0,0.1,-0.02967218137254902
1.311,0.016,184.75,-3.125,0.1,-0.029641065410539215
1.328,0.017,185.0,-0.18382352941176486,0.1,-0.0287075865502451
1.344,0.016,185.0,-0.18382352941176486,0.1,-0.029641065410539215
1.361,0.017,185.0,-0.18382352941176486,0.1,-0.029485485600490195
1.377,0.016,185.0,-0.18382352941176486,0.1,-0.029547717524509805
1.393,0.016,185.0,2.941176470588235,0.1,-0.029547717524509805
1.41,0.017,185.0,0.0,0.1,-0.029547717524509805
1.426,0.016,185.0,0.0,0.1,-0.029641065410539215
1.442,0.016,185.0,0.0,0.1,-0.029641065410539215
1.459,0.017,185.0,0.0,0.1,-0.02960994944852941
1.475,0.016,185.0,0.0,0.1,-0.02960994944852941
1.492,0.017,185.0,0.0,0.1,-0.029547717524509805
1.508,0.016,185.0,0.0,0.1,-0.028583122702205883
1.524,0.016,185.0,0.0,0.1,-0.029547717524509805
1.541,0.017,185.0,0.0,0.1,-0.02936102175245098
1.557,0.016,185.0,0.0,0.1,-0.02945436963848039
1.573,0.016,185.0,0.0,0.1,-0.029423253676470588
1.59,0.017,185.0,0.0,0.1,-0.0295166015625
1.606,0.016,185.0,0.0,0.1,-0.029547717524509805
1.623,0.017,185.0,0.0,0.1,-0.029578833486519608
1.639,0.016,185.0,0.0,0.1,-0.029547717524509805
1.655,0.016,185.0,0.0,0.1,-0.029547717524509805
1.672,0.017,185.0,0.0,0.1,-0.0295166015625
1.688,0.016,185.0,0.0,0.1,-0.028583122702205883
1.705,0.017,185.0,0.0,0.1,-0.029578833486519608
1.721,0.016,185.0,0.0,0.1,-0.02936102175245098
1.737,0.016,185.0,0.0,0.1,-0.029547717524509805
1.754,0.017,185.0,0.0,0.1,-0.02960994944852941
1.77,0.016,185.0,0.0,0.1,-0.029547717524509805
1.786,0.016,185.0,0.0,0.1,-0.029641065410539215
1.803,0.017,185.0,0.0,0.1,-0.02967218137254902
1.819,0.016,185.0,0.0,0.1,-0.02960994944852941
1.835,0.016,185.0,0.0,0.1,-0.02960994944852941
1.852,0.017,185.0,0.0,0.1,-0.029329905790441178
1.868,0.016,185.0,0.0,0.1,-0.028614238664215686
1.885,0.017,185.0,0.0,0.1,-0.029641065410539215
1.9,0.015,185.0,0.0,0.1,-0.02945436963848039
1.917,0.017,185.0,0.0,0.1,-0.029547717524509805
1.933,0.016,185.0,0.0,0.1,-0.029578833486519608
1.949,0.016,185.0,0.0,0.1,-0.02960994944852941
1.966,0.017,185.0,0.0,0.1,-0.029641065410539215
1.982,0.016,185.0,0.0,0.1,-0.029578833486519608
1.998,0.016,185.0,0.0,0.1,-0.029578833486519608
2.015,0.017,185.0,0.0,0.1,-0.029578833486519608
2.031,0.016,185.0,0.0,0.1,-0.029578833486519608
2.048,0.017,185.0,0.0,0.1,-0.028676470588235293
2.064,0.016,185.0,0.0,0.1,-0.029641065410539215
2.08,0.016,185.0,0.0,0.1,-0.02960994944852941
2.097,0.017,184.75,-2.941176470588235,0.1,-0.02960994944852941
2.113,0.016,185.0,0.18382352941176486,0.1,-0.02960994944852941
2.129,0.016,185.0,0.18382352941176486,0.1,-0.02960994944852941
2.146,0.017,185.0,0.18382352941176486,0.1,-0.02967218137254902
2.162,0.016,185.0,0.18382352941176486,0.1,-0.029578833486519608
2.179,0.017,185.0,3.125,0.1,-0.02967218137254902
2.195,0.016,185.0,0.0,0.1,-0.02973441329656863
2.211,0.016,185.25,3.125,0.1,-0.02656058517156863
2.228,0.017,185.75,9.00735294117647,0.1,-0.02419577205882353
2.244,0.016,185.5,5.882352941176469,0.1,-0.0279296875
2.261,0.017,185.0,0.0,0.1,-0.028303079044117645
2.277,0.016,185.0,0.0,0.1,-0.029298789828431374
2.293,0.016,185.0,-3.125,0.1,-0.029547717524509805
2.31,0.017,185.0,-9.00735294117647,0.1,-0.029578833486519608
2.326,0.016,185.0,-5.88235294117647,0.1,-0.02967218137254902
2.342,0.016,185.0,0.0,0.1,-0.02960994944852941
2.359,0.017,185.0,0.0,0.1,-0.029547717524509805
2.375,0.016,185.0,0.0,0.1,-0.02960994944852941
2.392,0.017,185.0,0.0,0.1,-0.02982776118259804
2.408,0.016,185.0,0.0,0.1,-0.02802303538602941
2.424,0.016,186.25,15.625,0.1,-0.02404019224877451
2.441,0.017,186.0,12.683823529411764,0.1,-0.024631395526960784
2.457,0.016,185.0,0.18382352941176522,0.1,-0.02814749923406863
2.474,0.017,185.0,0.18382352941176522,0.1,-0.028303079044117645
2.49,0.016,185.0,0.18382352941176522,0.1,-0.029423253676470588
2.506,0.016,185.0,-15.441176470588236,0.1,-0.02967218137254902
2.523,0.017,185.0,-12.5,0.1,-0.029547717524509805
2.539,0.016,185.0,0.0,0.1,-0.029641065410539215
2.555,0.016,185.0,0.0,0.1,-0.02960994944852941
2.572,0.017,185.0,0.0,0.1,-0.029018746170343137
2.588,0.016,185.0,0.0,0.1,-0.028520890778186276
2.605,0.017,185.0,0.0,0.1,-0.02960994944852941
2.621,0.016,185.0,0.0,0.1,-0.028427542892156862
2.637,0.016,185.0,0.0,0.1,-0.02855200674019608
2.654,0.017,185.0,0.0,0.1,-0.029423253676470588
2.67,0.016,185.0,0.0,0.1,-0.02945436963848039
2.687,0.017,185.0,0.0,0.1,-0.02967218137254902
2.703,0.016,185.0,0.0,0.1,-0.02960994944852941
2.719,0.016,185.0,0.0,0.1,-0.029578833486519608
2.736,0.017,185.0,0.0,0.1,-0.02960994944852941
2.752,0.016,185.0,0.0,0.1,-0.029236557904411764
2.768,0.016,185.0,0.0,0.1,-0.028520890778186276
2.785,0.017,185.0,0.0,0.1,-0.029641065410539215
2.801,0.016,185.0,0.0,0.1,-0.02848977481617647
2.82,0.019,185.0,0.0,0.1,-0.029641065410539215
2.838,0.018,185.0,0.0,0.1,-0.029547717524509805
2.854,0.016,185.0,0.0,0.1,-0.029578833486519608
2.871,0.017,185.0,0.0,0.1,-0.029578833486519608
2.887,0.016,185.0,0.0,0.1,-0.02967218137254902
2.904,0.017,185.0,0.0,0.1,-0.029578833486519608
2.92,0.016,185.0,0.0,0.1,-0.029641065410539215
2.936,0.016,185.0,0.0,0.1,-0.0287075865502451
2.953,0.017,185.0,0.0,0.1,-0.028520890778186276
2.969,0.016,185.0,0.0,0.1,-0.029267673866421567
2.985,0.016,185.0,0.0,0.1,-0.02967218137254902
3.002,0.017,185.0,0.0,0.1,-0.02945436963848039
3.018,0.016,185.0,0.0,0.1,-0.029547717524509805
3.035,0.017,185.25,2.941176470588235,0.1,-0.029641065410539215
3.051,0.016,185.0,-0.18382352941176486,0.1,-0.029578833486519608
3.067,0.016,185.0,-0.18382352941176486,0.1,-0.029641065410539215
3.084,0.017,185.0,-0.18382352941176486,0.1,-0.029641065410539215
3.099,0.015,185.0,-0.18382352941176486,0.1,-0.029641065410539215
3.116,0.017,185.0,-3.125,0.1,-0.028832050398284313
3.132,0.016,185.0,0.0,0.1,-0.02855200674019608
3.148,0.016,185.0,0.0,0.1,-0.029236557904411764
3.165,0.017,185.0,0.0,0.1,-0.02967218137254902
3.181,0.016,185.0,0.0,0.1,-0.0295166015625
3.198,0.017,185.0,0.0,0.1,-0.029578833486519608
3.214,0.016,185.0,0.0,0.1,-0.02960994944852941
3.23,0.016,185.0,0.0,0.1,-0.029641065410539215
3.247,0.017,185.0,0.0,0.1,-0.02967218137254902
3.263,0.016,185.0,0.0,0.1,-0.029641065410539215
3.279,0.016,184.75,-3.125,0.1,-0.02967218137254902
3.296,0.017,185.0,-0.18382352941176486,0.1,-0.0287075865502451
3.313,0.017,184.75,-3.125,0.1,-0.028614238664215686
3.329,0.016,185.0,0.0,0.1,-0.029485485600490195
3.345,0.016,185.0,0.0,0.1,-0.02967218137254902
3.361,0.016,185.0,3.1249999999999996,0.1,-0.0295166015625
3.378,0.017,185.0,0.18382352941176486,0.1,-0.029578833486519608
3.394,0.016,185.0,3.125,0.1,-0.02960994944852941
3.41,0.016,185.0,0.0,0.1,-0.029578833486519608
3.427,0.017,185.0,0.0,0.1,-0.029641065410539215
3.443,0.016,185.0,0.0,0.1,-0.029578833486519608
3.46,0.017,185.0,0.0,0.1,-0.029641065410539215
3.476,0.016,185.0,0.0,0.1,-0.028520890778186276
3.492,0.016,185.0,0.0,0.1,-0.02848977481617647
3.509,0.017,184.25,-8.823529411764707,0.1,-0.029392137714460784
3.525,0.016,185.0,0.5514705882352942,0.1,-0.02967218137254902
3.542,0.017,185.0,0.5514705882352942,0.1,-0.029547717524509805
3.558,0.016,185.0,0.5514705882352942,0.1,-0.02960994944852941
3.574,0.016,185.25,3.6764705882352944,0.1,-0.026591701133578432
3.591,0.017,186.0,21.323529411764707,0.1,-0.024226888020833334
3.607,0.016,186.0,11.948529411764707,0.1,-0.026778396905637256
3.623,0.016,185.0,-0.5514705882352942,0.1,-0.028303079044117645
3.64,0.017,185.0,-0.5514705882352942,0.1,-0.029578833486519608
3.656,0.016,185.0,-3.6764705882352944,0.1,-0.0287075865502451
3.673,0.017,185.0,-12.5,0.1,-0.02848977481617647
3.689,0.016,185.0,-12.5,0.1,-0.028365310968137256
3.705,0.016,185.0,0.0,0.1,-0.029329905790441178
3.722,0.017,185.0,0.0,0.1,-0.028427542892156862
3.738,0.016,185.0,0.0,0.1,-0.029143210018382354
3.755,0.017,185.0,0.0,0.1,-0.029174325980392157
3.771,0.016,185.0,0.0,0.1,-0.029236557904411764
3.787,0.016,185.0,0.0,0.1,-0.029329905790441178
3.804,0.017,185.0,0.0,0.1,-0.029267673866421567
3.82,0.016,185.0,0.0,0.1,-0.028427542892156862
3.836,0.016,185.0,0.0,0.1,-0.028209731158088235
3.853,0.017,185.0,0.0,0.1,-0.02824084712009804
3.869,0.016,185.0,0.0,0.1,-0.02904986213235294
3.886,0.017,185.0,0.0,0.1,-0.03682885263480392
3.902,0.016,185.0,0.0,0.1,-0.053382544424019615
3.918,0.016,185.0,0.0,0.1,-0.053787051930147066
3.935,0.017,184.5,-5.88235294117647,0.1,-0.05304026884191177
3.951,0.016,185.0,0.3676470588235297,0.1,-0.05226236979166667
3.968,0.017,185.0,0.3676470588235297,0.1,-0.05114219515931373
3.984,0.016,184.75,-2.7573529411764697,0.1,-0.05412932751225491
4.0,0.016,185.0,0.3676470588235297,0.1,-0.055840705422794124
4.017,0.017,185.0,6.25,0.1,-0.055062806372549025
4.033,0.016,185.0,0.0,0.1,-0.054004863664215697
4.049,0.016,185.0,0.0,0.1,-0.0548449946384804
4.066,0.017,185.0,3.125,0.1,-0.054751646752450985
4.082,0.016,185.0,0.0,0.1,-0.05416044347426471
4.099,0.017,185.0,0.0,0.1,-0.055156154258578435
4.114,0.015,185.0,0.0,0.1,-0.05422267539828432
4.131,0.017,184.75,-2.941176470588235,0.1,-0.05462718290441177
4.147,0.016,185.0,0.18382352941176486,0.1,-0.0556228936887255
4.164,0.017,185.0,0.18382352941176486,0.1,-0.05571624157475491
4.181,0.017,185.0,0.18382352941176486,0.1,-0.05478276271446079
4.197,0.016,184.5,-6.066176470588235,0.1,-0.055187270220588246
4.213,0.016,185.0,3.125,0.1,-0.05512503829656863
4.229,0.016,185.0,0.0,0.1,-0.05540508195465687
4.245,0.016,185.0,0.0,0.1,-0.05608963311887256
4.262,0.017,185.0,0.0,0.1,-0.055187270220588246
4.278,0.016,185.0,6.25,0.1,-0.05552954580269608
4.295,0.017,185.0,0.0,0.1,-0.0548449946384804
4.312,0.017,185.0,0.0,0.1,-0.054471603094362754
4.328,0.016,185.0,0.0,0.1,-0.05490722656250001
4.344,0.016,185.0,0.0,0.1,-0.050519875919117656
4.361,0.017,185.0,0.0,0.1,-0.047346047794117656
4.377,0.016,185.0,0.0,0.1,-0.046817076439950985
4.393,0.016,184.75,-3.125,0.1,-0.04781278722426471
4.409,0.016,185.0,0.0,0.1,-0.047128236060049025
4.425,0.016,185.0,0.0,0.1,-0.048123946844362754
4.442,0.017,185.0,0.0,0.1,-0.04868403416053922
4.458,0.016,185.0,0.0,0.1,-0.04756385952818628
4.475,0.017,185.0,3.125,0.1,-0.04778167126225491
4.491,0.016,185.0,0.0,0.1,-0.047034888174019615
4.507,0.016,185.0,0.0,0.1,-0.04526127833946079
4.524,0.017,185.0,0.0,0.1,-0.04476342294730393
4.54,0.016,184.75,-3.125,0.1,-0.049804208792892164
4.556,0.016,185.0,0.0,0.1,-0.04905742570465687
4.573,0.017,185.0,0.0,0.1,-0.0493063534007353
4.589,0.016,185.0,0.0,0.1,-0.049586397058823534
4.606,0.017,184.75,-2.941176470588235,0.1,-0.049213005514705886
4.622,0.016,185.0,3.3088235294117654,0.1,-0.049897556678921574
4.638,0.016,185.0,0.18382352941176486,0.1,-0.04952416513480393
4.655,0.017,185.0,0.18382352941176486,0.1,-0.048808498008578435
4.671,0.016,185.0,0.18382352941176486,0.1,-0.04961751302083334
4.687,0.016,185.0,3.125,0.1,-0.04964862898284315
4.704,0.017,185.0,0.0,0.1,-0.048932961856617656
4.72,0.016,185.0,0.0,0.1,-0.049493049172794124
4.737,0.017,185.0,0.0,0.1,-0.048839613970588246
4.753,0.016,185.0,0.0,0.1,-0.04992867264093138
4.769,0.016,185.0,0.0,0.1,-0.0493063534007353
4.786,0.017,185.0,0.0,0.1,-0.04915077359068628
4.802,0.016,185.0,0.0,0.1,-0.049213005514705886
4.818,0.016,185.0,0.0,0.1,-0.048808498008578435
4.835,0.017,185.0,0.0,0.1,-0.04943081724877452
4.851,0.016,185.0,0.0,0.1,-0.049213005514705886
4.868,0.017,185.0,0.0,0.1,-0.04995978860294118
4.884,0.016,185.0,0.0,0.1,-0.049710860906862754
4.9,0.016,185.0,0.0,0.1,-0.049244121476715697
4.917,0.017,185.0,0.0,0.1,-0.04986644071691177
4.933,0.016,185.0,0.0,0.1,-0.04986644071691177
4.95,0.017,185.0,0.0,0.1,-0.049493049172794124
4.966,0.016,184.75,-3.125,0.1,-0.05023983226102942
4.982,0.016,185.0,0.0,0.1,-0.0492752374387255
4.999,0.017,185.0,0.0,0.1,-0.04915077359068628
5.015,0.016,185.0,0.0,0.1,-0.04905742570465687
5.031,0.016,185.0,0.0,0.1,-0.04961751302083334
5.048,0.017,185.0,3.125,0.1,-0.04964862898284315
5.064,0.016,185.0,0.0,0.1,-0.04967974494485295
5.081,0.017,185.0,0.0,0.1,-0.04967974494485295
5.097,0.016,185.0,0.0,0.1,-0.049493049172794124
5.113,0.016,185.0,0.0,0.1,-0.0492752374387255
5.13,0.017,185.0,0.0,0.1,-0.048932961856617656
5.146,0.016,185.0,0.0,0.1,-0.049990904564950985
5.163,0.017,185.0,0.0,0.1,-0.049990904564950985
5.179,0.016,185.0,0.0,0.1,-0.04946193321078432
5.195,0.016,185.0,0.0,0.1,-0.04908854166666667
5.212,0.017,185.0,0.0,0.1,-0.049990904564950985
5.228,0.016,185.0,0.0,0.1,-0.049244121476715697
5.244,0.016,185.0,0.0,0.1,-0.04983532475490197
5.261,0.017,185.0,0.0,0.1,-0.048715150122549025
5.277,0.016,185.0,0.0,0.1,-0.049586397058823534
5.294,0.017,185.0,0.0,0.1,-0.04961751302083334
5.31,0.016,185.0,0.0,0.1,-0.04952416513480393
5.326,0.016,185.0,0.0,0.1,-0.049244121476715697
5.343,0.017,185.0,0.0,0.1,-0.05014648437500001
5.359,0.016,185.0,0.0,0.1,-0.04977309283088236
5.376,0.017,185.0,0.0,0.1,-0.04915077359068628
5.392,0.016,185.0,0.0,0.1,-0.04918188955269608
5.408,0.016,185.0,0.0,0.1,-0.04943081724877452
5.425,0.017,185.0,0.0,0.1,-0.04933746936274511
5.441,0.016,185.0,0.0,0.1,-0.049586397058823534
5.457,0.016,185.0,0.0,0.1,-0.04964862898284315
5.474,0.017,185.0,0.0,0.1,-0.04974197686887256
5.49,0.016,185.0,0.0,0.1,-0.049493049172794124
5.507,0.017,185.0,0.0,0.1,-0.049804208792892164
5.523,0.016,185.0,0.0,0.1,-0.049213005514705886
5.539,0.016,185.0,0.0,0.1,-0.04943081724877452
5.556,0.017,185.0,0.0,0.1,-0.04974197686887256
5.572,0.016,185.0,0.0,0.1,-0.049586397058823534
5.589,0.017,184.75,-2.941176470588235,0.1,-0.04974197686887256
5.605,0.016,185.0,0.18382352941176486,0.1,-0.04974197686887256
5.621,0.016,185.0,0.18382352941176486,0.1,-0.04961751302083334
5.638,0.017,185.0,0.18382352941176486,0.1,-0.049213005514705886
5.654,0.016,185.0,0.18382352941176486,0.1,-0.049586397058823534
5.67,0.016,185.0,3.125,0.1,-0.049897556678921574
5.687,0.017,185.0,0.0,0.1,-0.04874626608455883
5.703,0.016,185.0,0.0,0.1,-0.050426528033088246
5.719,0.016,185.0,0.0,0.1,-0.049586397058823534
5.736,0.017,185.0,0.0,0.1,-0.05017760033700981
5.752,0.016,185.0,0.0,0.1,-0.04905742570465687
5.769,0.017,185.0,0.0,0.1,-0.04936858532475491
5.785,0.016,184.75,-3.125,0.1,-0.049804208792892164
5.801,0.016,184.75,-3.125,0.1,-0.04943081724877452
5.817,0.016,184.75,-3.125,0.1,-0.05002202052696079
5.833,0.016,185.0,0.0,0.1,-0.0492752374387255
5.85,0.017,185.0,0.0,0.1,-0.04983532475490197
5.866,0.016,185.0,3.125,0.1,-0.0492752374387255
5.883,0.017,185.0,3.125,0.1,-0.04983532475490197
5.899,0.016,184.75,0.0,0.1,-0.04983532475490197
5.915,0.016,185.0,0.0,0.1,-0.049586397058823534
5.932,0.017,185.0,0.0,0.1,-0.04933746936274511
5.948,0.016,185.0,0.0,0.1,-0.05014648437500001
5.964,0.016,185.0,0.0,0.1,-0.04964862898284315
5.981,0.017,185.0,3.125,0.1,-0.049493049172794124
5.997,0.016,184.5,-6.25,0.1,-0.04983532475490197
6.014,0.017,185.0,-0.3676470588235297,0.1,-0.04964862898284315
6.03,0.016,185.0,-0.3676470588235297,0.1,-0.04955528109681373
6.046,0.016,184.75,-3.49264705882353,0.1,-0.04874626608455883
6.063,0.017,185.0,-0.5514705882352949,0.1,-0.04977309283088236
6.079,0.016,185.0,5.698529411764706,0.1,-0.048839613970588246
6.095,0.016,185.0,-0.18382352941176486,0.1,-0.04952416513480393
6.112,0.017,185.0,-0.18382352941176486,0.1,-0.0493063534007353
6.128,0.016,185.0,2.941176470588235,0.1,-0.04983532475490197
6.145,0.017,185.0,0.0,0.1,-0.04939970128676471
6.161,0.016,185.0,0.0,0.1,-0.04890184589460785
6.177,0.016,185.0,0.0,0.1,-0.049244121476715697
6.194,0.017,185.0,0.0,0.1,-0.04899519378063726
6.21,0.016,185.0,0.0,0.1,-0.04939970128676471
6.226,0.016,185.0,0.0,0.1,-0.049244121476715697
6.243,0.017,184.75,-2.941176470588235,0.1,-0.04946193321078432
6.259,0.016,184.75,-2.941176470588235,0.1,-0.04967974494485295
6.276,0.017,185.0,0.0,0.1,-0.049493049172794124
6.292,0.016,185.0,0.0,0.1,-0.049897556678921574
6.308,0.016,185.0,0.0,0.1,-0.04977309283088236
6.325,0.017,185.0,2.941176470588235,0.1,-0.048932961856617656
6.341,0.016,185.0,2.941176470588235,0.1,-0.04946193321078432
6.358,0.017,185.0,0.0,0.1,-0.049897556678921574
6.374,0.016,185.0,0.0,0.1,-0.049804208792892164
6.39,0.016,185.0,0.0,0.1,-0.04967974494485295
6.407,0.017,185.0,0.0,0.1,-0.04915077359068628
6.423,0.016,185.0,0.0,0.1,-0.049897556678921574
6.439,0.016,184.75,-3.125,0.1,-0.04933746936274511
6.456,0.017,185.0,-0.18382352941176486,0.1,-0.04974197686887256
6.472,0.016,185.0,-0.18382352941176486,0.1,-0.04977309283088236
6.489,0.017,185.0,-0.18382352941176486,0.1,-0.04986644071691177
6.505,0.016,185.0,-0.18382352941176486,0.1,-0.05002202052696079
6.521,0.016,185.0,2.941176470588235,0.1,-0.04961751302083334
6.538,0.017,185.0,0.0,0.1,-0.04943081724877452
6.554,0.016,185.0,0.0,0.1,-0.049213005514705886
6.571,0.017,185.0,0.0,0.1,-0.04939970128676471
6.587,0.016,185.0,0.0,0.1,-0.04915077359068628
6.603,0.016,185.0,0.0,0.1,-0.04955528109681373
6.62,0.017,185.0,0.0,0.1,-0.04915077359068628
6.636,0.016,185.0,0.0,0.1,-0.04967974494485295
6.652,0.016,185.0,0.0,0.1,-0.04955528109681373
6.669,0.017,185.0,0.0,0.1,-0.04946193321078432
6.685,0.016,184.75,-3.125,0.1,-0.04946193321078432
6.702,0.017,185.0,-0.18382352941176486,0.1,-0.04992867264093138
6.718,0.016,185.0,-0.18382352941176486,0.1,-0.0500842524509804
6.734,0.016,185.0,-0.18382352941176486,0.1,-0.04986644071691177
6.751,0.017,185.0,-0.18382352941176486,0.1,-0.0492752374387255
6.767,0.016,185.0,2.941176470588235,0.1,-0.050115368412990205
6.784,0.017,185.0,0.0,0.1,-0.04946193321078432
6.8,0.016,185.0,0.0,0.1,-0.04967974494485295
6.816,0.016,185.0,0.0,0.1,-0.0500531364889706
6.833,0.017,185.0,0.0,0.1,-0.04955528109681373
6.849,0.016,184.75,-3.125,0.1,-0.048808498008578435
6.865,0.016,185.0,0.0,0.1,-0.04943081724877452
6.882,0.017,185.0,0.0,0.1,-0.04936858532475491
6.898,0.016,185.0,0.0,0.1,-0.04983532475490197
6.915,0.017,185.0,0.0,0.1,-0.048839613970588246
6.931,0.016,185.0,3.125,0.1,-0.04964862898284315
6.946,0.015,185.0,0.0,0.1,-0.04952416513480393
6.964,0.018,185.0,0.0,0.1,-0.05014648437500001
6.979,0.015,185.0,0.0,0.1,-0.049493049172794124
6.996,0.017,185.0,0.0,0.1,-0.04983532475490197
7.013,0.017,185.0,0.0,0.1,-0.049493049172794124
7.029,0.016,185.0,0.0,0.1,-0.04974197686887256
7.05,0.021,185.0,0.0,0.1,-0.049493049172794124
7.066,0.016,185.0,0.0,0.1,-0.049493049172794124
7.082,0.016,185.0,0.0,0.1,-0.04961751302083334
7.098,0.016,185.0,0.0,0.1,-0.04946193321078432
7.114,0.016,185.0,0.0,0.1,-0.049586397058823534
7.131,0.017,185.0,0.0,0.1,-0.049493049172794124
7.147,0.016,185.0,0.0,0.1,-0.050115368412990205
7.163,0.016,185.0,0.0,0.1,-0.049990904564950985
7.18,0.017,185.0,0.0,0.1,-0.04974197686887256
7.196,0.016,184.75,-3.125,0.1,-0.0500531364889706
7.213,0.017,185.0,-0.18382352941176486,0.1,-0.0500531364889706
7.23,0.017,185.0,-0.18382352941176486,0.1,-0.049897556678921574
7.245,0.015,185.0,-0.18382352941176486,0.1,-0.04952416513480393
7.262,0.017,185.0,-0.18382352941176486,0.1,-0.049804208792892164
7.278,0.016,185.0,2.941176470588235,0.1,-0.0500842524509804
7.295,0.017,184.75,-2.941176470588235,0.1,-0.049244121476715697
7.311,0.016,185.0,0.18382352941176486,0.1,-0.04952416513480393
7.327,0.016,185.0,0.18382352941176486,0.1,-0.049710860906862754
7.344,0.017,185.0,0.18382352941176486,0.1,-0.04961751302083334
7.36,0.016,185.0,0.18382352941176486,0.1,-0.049710860906862754
7.376,0.016,185.0,3.125,0.1,-0.04918188955269608
7.393,0.017,185.0,0.0,0.1,-0.04967974494485295
7.409,0.016,185.0,0.0,0.1,-0.0492752374387255
7.426,0.017,185.0,0.0,0.1,-0.049244121476715697
7.442,0.016,185.0,0.0,0.1,-0.04974197686887256
7.458,0.016,185.0,0.0,0.1,-0.04992867264093138
7.475,0.017,185.0,0.0,0.1,-0.04915077359068628
7.491,0.016,185.0,0.0,0.1,-0.04952416513480393
7.508,0.017,185.0,0.0,0.1,-0.04964862898284315
7.524,0.016,185.0,0.0,0.1,-0.04977309283088236
7.54,0.016,185.0,0.0,0.1,-0.049213005514705886
7.557,0.017,185.0,0.0,0.1,-0.04967974494485295
7.573,0.016,185.0,0.0,0.1,-0.04908854166666667
7.589,0.016,185.0,0.0,0.1,-0.0500531364889706
7.606,0.017,185.0,0.0,0.1,-0.04896407781862746
7.622,0.016,185.0,0.0,0.1,-0.04974197686887256
7.639,0.017,184.75,-2.941176470588235,0.1,-0.049897556678921574
7.655,0.016,184.75,-2.941176470588235,0.1,-0.04955528109681373
7.671,0.016,185.0,0.18382352941176486,0.1,-0.0500531364889706
7.688,0.017,185.0,0.18382352941176486,0.1,-0.05023983226102942
7.704,0.016,185.0,0.18382352941176486,0.1,-0.04995978860294118
7.721,0.017,185.0,3.125,0.1,-0.05017760033700981
7.737,0.016,184.75,0.0,0.1,-0.04905742570465687
7.753,0.016,185.0,0.0,0.1,-0.049213005514705886
7.77,0.017,185.0,0.0,0.1,-0.04908854166666667
7.786,0.016,185.0,0.0,0.1,-0.04986644071691177
7.802,0.016,185.0,0.0,0.1,-0.04955528109681373
7.819,0.017,185.0,3.125,0.1,-0.04868403416053922
7.835,0.016,185.0,0.0,0.1,-0.0500531364889706
7.852,0.017,185.0,0.0,0.1,-0.04967974494485295
7.868,0.016,185.0,0.0,0.1,-0.04961751302083334
7.884,0.016,185.0,0.0,0.1,-0.049990904564950985
7.901,0.017,185.0,0.0,0.1,-0.04908854166666667
7.917,0.016,185.0,0.0,0.1,-0.048932961856617656
7.934,0.017,184.75,-2.941176470588235,0.1,-0.049990904564950985
7.95,0.016,185.0,0.18382352941176486,0.1,-0.0500531364889706
7.966,0.016,185.0,0.18382352941176486,0.1,-0.04986644071691177
7.983,0.017,185.0,0.18382352941176486,0.1,-0.04983532475490197
7.999,0.016,185.0,0.18382352941176486,0.1,-0.0492752374387255
8.015,0.016,185.0,3.125,0.1,-0.0493063534007353
8.032,0.017,185.0,0.0,0.1,-0.04977309283088236
8.048,0.016,185.0,0.0,0.1,-0.04967974494485295
8.065,0.017,185.0,0.0,0.1,-0.04918188955269608
8.081,0.016,185.0,0.0,0.1,-0.04955528109681373
8.097,0.016,185.0,0.0,0.1,-0.04918188955269608
8.114,0.017,185.0,0.0,0.1,-0.04936858532475491
8.13,0.016,185.0,0.0,0.1,-0.04933746936274511
8.146,0.016,184.75,-3.125,0.1,-0.048932961856617656
8.163,0.017,185.0,-0.18382352941176486,0.1,-0.049119657628676476
8.179,0.016,185.0,-0.18382352941176486,0.1,-0.049586397058823534
8.196,0.017,185.0,-0.18382352941176486,0.1,-0.04986644071691177
8.212,0.016,185.0,-0.18382352941176486,0.1,-0.04967974494485295
8.228,0.016,185.0,2.941176470588235,0.1,-0.04918188955269608
8.245,0.017,185.0,0.0,0.1,-0.0493063534007353
8.261,0.016,185.0,0.0,0.1,-0.050115368412990205
8.278,0.017,185.0,0.0,0.1,-0.04946193321078432
8.294,0.016,185.0,0.0,0.1,-0.0493063534007353
8.31,0.016,185.0,0.0,0.1,-0.049990904564950985
8.327,0.017,185.0,0.0,0.1,-0.049710860906862754
8.343,0.016,185.0,0.0,0.1,-0.04955528109681373
8.359,0.016,185.0,0.0,0.1,-0.049119657628676476
8.376,0.017,185.0,0.0,0.1,-0.0500842524509804
8.392,0.016,185.0,0.0,0.1,-0.04933746936274511
8.409,0.017,185.0,0.0,0.1,-0.04983532475490197
8.425,0.016,185.0,0.0,0.1,-0.04986644071691177
8.441,0.016,185.0,0.0,0.1,-0.049244121476715697
8.458,0.017,185.0,0.0,0.1,-0.04974197686887256
8.474,0.016,185.0,0.0,0.1,-0.04977309283088236
8.491,0.017,185.0,0.0,0.1,-0.050115368412990205
8.507,0.016,185.0,0.0,0.1,-0.04936858532475491
8.523,0.016,185.0,0.0,0.1,-0.04933746936274511
8.54,0.017,185.0,0.0,0.1,-0.04992867264093138
8.556,0.016,185.0,0.0,0.1,-0.04992867264093138
8.572,0.016,185.0,0.0,0.1,-0.05023983226102942
8.589,0.017,185.0,0.0,0.1,-0.05033318014705883
8.605,0.016,185.0,0.0,0.1,-0.04974197686887256
8.621,0.016,185.0,0.0,0.1,-0.04905742570465687
8.638,0.017,184.75,-2.941176470588235,0.1,-0.04936858532475491
8.653,0.015,185.0,0.3921568627450984,0.1,-0.04967974494485295
8.67,0.017,185.0,0.3921568627450984,0.1,-0.04946193321078432
8.686,0.016,185.0,0.3921568627450984,0.1,-0.04986644071691177
8.703,0.017,185.0,0.3921568627450984,0.1,-0.04936858532475491
8.719,0.016,185.0,3.3333333333333335,0.1,-0.04974197686887256
8.735,0.016,185.0,0.0,0.1,-0.049244121476715697
8.752,0.017,184.75,-2.941176470588235,0.1,-0.04899519378063726
8.768,0.016,184.75,-2.941176470588235,0.1,-0.049586397058823534
8.784,0.016,185.0,0.18382352941176486,0.1,-0.04915077359068628
8.801,0.017,185.0,0.18382352941176486,0.1,-0.050115368412990205
8.817,0.016,185.0,0.18382352941176486,0.1,-0.049586397058823534
8.834,0.017,185.0,3.125,0.1,-0.05048875995710785
8.85,0.016,185.0,3.125,0.1,-0.04946193321078432
8.866,0.016,185.0,0.0,0.1,-0.04964862898284315
8.883,0.017,185.0,0.0,0.1,-0.04946193321078432
8.899,0.016,185.0,0.0,0.1,-0.04967974494485295
8.916,0.017,185.0,0.0,0.1,-0.04983532475490197
8.932,0.016,185.0,0.0,0.1,-0.04983532475490197
8.948,0.016,185.0,0.0,0.1,-0.04943081724877452
8.965,0.017,185.0,0.0,0.1,-0.049586397058823534
8.981,0.016,185.0,0.0,0.1,-0.049213005514705886
8.997,0.016,185.0,0.0,0.1,-0.04974197686887256
9.014,0.017,185.0,0.0,0.1,-0.04918188955269608
9.03,0.016,185.0,0.0,0.1,-0.04915077359068628
9.047,0.017,185.0,0.0,0.1,-0.04974197686887256
9.063,0.016,185.0,0.0,0.1,-0.049710860906862754
9.079,0.016,185.0,0.0,0.1,-0.048839613970588246
9.096,0.017,184.75,-2.941176470588235,0.1,-0.04918188955269608
9.112,0.016,185.0,0.18382352941176486,0.1,-0.04964862898284315
9.129,0.017,185.0,0.18382352941176486,0.1,-0.04955528109681373
9.145,0.016,185.0,0.18382352941176486,0.1,-0.049710860906862754
9.161,0.016,185.0,0.18382352941176486,0.1,-0.04986644071691177
9.178,0.017,185.0,3.125,0.1,-0.0493063534007353
9.194,0.016,185.0,0.0,0.1,-0.04964862898284315
9.21,0.016,185.0,0.0,0.1,-0.050302064185049025
9.227,0.017,185.0,0.0,0.1,-0.04986644071691177
9.243,0.016,184.75,-3.125,0.1,-0.049586397058823534
9.26,0.017,185.0,-0.18382352941176486,0.1,-0.049493049172794124
9.276,0.016,185.0,-0.18382352941176486,0.1,-0.04986644071691177
9.292,0.016,185.0,-0.18382352941176486,0.1,-0.04837287454044118
9.309,0.017,185.0,-0.18382352941176486,0.1,-0.04834175857843138
9.325,0.016,185.0,2.941176470588235,0.1,-0.04778167126225491
9.342,0.017,185.0,0.0,0.1,-0.04915077359068628
9.358,0.016,185.0,0.0,0.1,-0.04974197686887256
9.374,0.016,184.75,-3.125,0.1,-0.04933746936274511
9.391,0.017,184.75,-3.125,0.1,-0.04936858532475491
9.407,0.016,185.0,0.0,0.1,-0.041371783088235296
9.423,0.016,185.0,0.0,0.1,-0.026124961703431374
9.44,0.017,185.0,0.0,0.1,-0.026093845741421567
9.456,0.016,185.0,3.125,0.1,-0.026249425551470588
9.473,0.017,185.0,3.125,0.1,-0.025969381893382354
9.489,0.016,185.0,0.0,0.1,-0.025907149969362744
9.505,0.016,185.0,0.0,0.1,-0.026529469209558825
9.522,0.017,185.0,0.0,0.1,-0.025658222273284313
9.538,0.016,184.5,-6.25,0.1,-0.025689338235294117
9.554,0.016,185.0,0.0,0.1,-0.025751570159313727
9.571,0.017,185.0,0.0,0.1,-0.025658222273284313
9.587,0.016,185.0,0.0,0.1,-0.02547152650122549
9.604,0.017,185.0,0.0,0.1,-0.026062729779411764
9.62,0.016,185.0,6.25,0.1,-0.025751570159313727
9.636,0.016,184.75,-3.125,0.1,-0.025595990349264706
9.653,0.017,185.0,-0.18382352941176486,0.1,-0.026093845741421567
9.669,0.016,185.0,-0.18382352941176486,0.1,-0.02643612132352941
9.686,0.017,185.0,-0.18382352941176486,0.1,-0.02572045419730392
9.702,0.016,185.0,-0.18382352941176486,0.1,-0.026093845741421567
9.718,0.016,185.0,2.941176470588235,0.1,-0.02522259880514706
9.735,0.017,185.0,0.0,0.1,-0.026218309589460784
9.751,0.016,185.0,0.0,0.1,-0.02572045419730392
9.767,0.016,185.0,0.0,0.1,-0.025907149969362744
9.784,0.017,185.0,0.0,0.1,-0.025658222273284313
9.8,0.016,185.0,0.0,0.1,-0.025813802083333334
9.817,0.017,185.0,0.0,0.1,-0.026062729779411764
9.833,0.016,185.0,0.0,0.1,-0.02572045419730392
9.849,0.016,185.0,0.0,0.1,-0.02506701899509804
9.866,0.017,184.75,-2.941176470588235,0.1,-0.026218309589460784
9.882,0.016,185.0,0.18382352941176486,0.1,-0.026311657475490195
9.898,0.016,185.0,0.18382352941176486,0.1,-0.026716164981617645
9.915,0.017,185.0,0.18382352941176486,0.1,-0.02497367110906863
9.93,0.015,185.0,0.18382352941176486,0.1,-0.025160366881127452
9.947,0.017,185.0,3.125,0.1,-0.02547152650122549
9.963,0.016,185.0,0.0,0.1,-0.025658222273284313
9.979,0.016,185.0,0.0,0.1,-0.026311657475490195
9.997,0.018,185.0,0.0,0.1,-0.025813802083333334
10.013,0.016,185.0,0.0,0.1,-0.026156077665441178
10.029,0.016,185.0,0.0,0.1,-0.025284830729166666
10.045,0.016,185.0,0.0,0.1,-0.025284830729166666
10.061,0.016,185.0,0.0,0.1,-0.02649835324754902
10.078,0.017,185.0,0.0,0.1,-0.025564874387254903
10.094,0.016,185.0,0.0,0.1,-0.025595990349264706
10.111,0.017,185.0,0.0,0.1,-0.02649835324754902
10.127,0.016,185.0,0.0,0.1,-0.02587603400735294
10.143,0.016,185.0,0.0,0.1,-0.025564874387254903
10.16,0.017,185.0,0.0,0.1,-0.025751570159313727
10.176,0.016,185.0,0.0,0.1,-0.026062729779411764
10.192,0.016,185.0,0.0,0.1,-0.025564874387254903
10.209,0.017,185.0,0.0,0.1,-0.025658222273284313
10.225,0.016,185.0,0.0,0.1,-0.025502642463235293
10.242,0.017,185.0,0.0,0.1,-0.02603161381740196
10.258,0.016,185.0,0.0,0.1,-0.025969381893382354
10.274,0.016,185.0,0.0,0.1,-0.02618719362745098
10.291,0.017,185.0,0.0,0.1,-0.025564874387254903
10.307,0.016,185.0,0.0,0.1,-0.025440410539215686
10.324,0.017,185.0,0.0,0.1,-0.02603161381740196
10.34,0.016,185.0,0.0,0.1,-0.026124961703431374
10.356,0.016,185.0,0.0,0.1,-0.025844918045343137
10.373,0.017,185.0,0.0,0.1,-0.026000497855392157
10.389,0.016,185.0,0.0,0.1,-0.025409294577205883
10.405,0.016,185.0,0.0,0.1,-0.026249425551470588
10.422,0.017,185.0,0.0,0.1,-0.025564874387254903
10.438,0.016,185.0,0.0,0.1,-0.02531594669117647
10.455,0.017,185.0,0.0,0.1,-0.02578268612132353
10.471,0.016,185.0,0.0,0.1,-0.02522259880514706
10.487,0.016,185.0,0.0,0.1,-0.025595990349264706
10.504,0.017,185.0,0.0,0.1,-0.025813802083333334
10.52,0.016,185.0,0.0,0.1,-0.02562710631127451
10.537,0.017,185.0,0.0,0.1,-0.02572045419730392
10.553,0.016,185.0,0.0,0.1,-0.025440410539215686
10.569,0.016,185.0,0.0,0.1,-0.025751570159313727
10.586,0.017,185.0,0.0,0.1,-0.025844918045343137
10.602,0.016,185.0,0.0,0.1,-0.025689338235294117
10.618,0.016,185.0,0.0,0.1,-0.02537817861519608
10.635,0.017,185.0,0.0,0.1,-0.02578268612132353
10.651,0.016,185.0,0.0,0.1,-0.02578268612132353
10.668,0.017,185.0,0.0,0.1,-0.02587603400735294
10.684,0.016,185.0,0.0,0.1,-0.02593826593137255
10.7,0.016,185.0,0.0,0.1,-0.02562710631127451
10.717,0.017,185.0,0.0,0.1,-0.026249425551470588
10.733,0.016,185.0,0.0,0.1,-0.025751570159313727
10.75,0.017,185.0,0.0,0.1,-0.025813802083333334
10.766,0.016,185.0,0.0,0.1,-0.02587603400735294
10.782,0.016,185.0,0.0,0.1,-0.025564874387254903
10.799,0.017,185.0,0.0,0.1,-0.026000497855392157
10.815,0.016,185.0,0.0,0.1,-0.025658222273284313
10.831,0.016,185.0,0.0,0.1,-0.025409294577205883
10.848,0.017,185.0,0.0,0.1,-0.02665393305759804
10.864,0.016,185.0,0.0,0.1,-0.025907149969362744
10.881,0.017,185.0,0.0,0.1,-0.025253714767156862
10.897,0.016,185.0,0.0,0.1,-0.02643612132352941
10.913,0.016,185.0,0.0,0.1,-0.026529469209558825
10.93,0.017,184.75,-2.941176470588235,0.1,-0.02618719362745098
10.946,0.016,185.0,0.18382352941176486,0.1,-0.026405005361519608
10.962,0.016,184.5,-6.066176470588235,0.1,-0.026467237285539215
10.979,0.017,185.0,-0.18382352941176486,0.1,-0.026000497855392157
10.995,0.016,185.0,-0.18382352941176486,0.1,-0.025595990349264706
11.012,0.017,185.0,2.75735294117647,0.1,-0.02531594669117647
11.028,0.016,185.0,-0.3676470588235297,0.1,-0.025191482843137256
11.044,0.016,185.0,5.88235294117647,0.1,-0.025969381893382354
11.061,0.017,185.0,0.0,0.1,-0.025907149969362744
11.077,0.016,185.0,0.0,0.1,-0.02522259880514706
11.094,0.017,185.0,0.0,0.1,-0.02537817861519608
11.11,0.016,184.75,-3.125,0.1,-0.02547152650122549
11.126,0.016,185.0,0.0,0.1,-0.02593826593137255
11.143,0.017,185.0,0.0,0.1,-0.026093845741421567
11.159,0.016,185.0,0.0,0.1,-0.025751570159313727
11.175,0.016,185.0,0.0,0.1,-0.02572045419730392
11.192,0.017,185.0,3.125,0.1,-0.025440410539215686
11.208,0.016,185.0,0.0,0.1,-0.025564874387254903
11.225,0.017,185.0,0.0,0.1,-0.02587603400735294
11.241,0.016,185.0,0.0,0.1,-0.02603161381740196
11.257,0.016,185.0,0.0,0.1,-0.026124961703431374
11.274,0.017,185.0,0.0,0.1,-0.026093845741421567
11.29,0.016,185.0,0.0,0.1,-0.026093845741421567
11.306,0.016,185.0,0.0,0.1,-0.025844918045343137
11.323,0.017,185.0,0.0,0.1,-0.02643612132352941
11.339,0.016,184.75,-3.125,0.1,-0.026373889399509805
11.356,0.017,185.0,-0.18382352941176486,0.1,-0.02562710631127451
11.372,0.016,185.0,-0.18382352941176486,0.1,-0.02506701899509804
11.388,0.016,185.0,-0.18382352941176486,0.1,-0.02643612132352941
11.405,0.017,184.5,-6.066176470588235,0.1,-0.025440410539215686
11.42,0.015,185.0,3.7254901960784323,0.1,-0.026311657475490195
11.438,0.018,185.0,0.7843137254901968,0.1,-0.02562710631127451
11.454,0.016,185.0,0.7843137254901968,0.1,-0.026000497855392157
11.47,0.016,185.0,0.7843137254901968,0.1,-0.0263427734375
11.486,0.016,185.0,6.666666666666667,0.1,-0.025689338235294117
11.502,0.016,184.75,-3.125,0.1,-0.02578268612132353
11.519,0.017,184.5,-6.066176470588235,0.1,-0.025844918045343137
11.535,0.016,185.0,0.18382352941176522,0.1,-0.02603161381740196
11.551,0.016,185.0,0.18382352941176522,0.1,-0.025253714767156862
11.568,0.017,185.0,0.18382352941176522,0.1,-0.02593826593137255
11.584,0.016,185.0,3.3088235294117654,0.1,-0.02649835324754902
11.6,0.016,185.0,6.25,0.1,-0.026218309589460784
11.617,0.017,185.0,0.0,0.1,-0.026156077665441178
11.633,0.016,185.0,0.0,0.1,-0.026405005361519608
11.65,0.017,185.0,0.0,0.1,-0.025969381893382354
11.666,0.016,185.0,0.0,0.1,-0.0255337584252451
11.682,0.016,185.0,0.0,0.1,-0.025907149969362744
11.699,0.017,185.0,0.0,0.1,-0.02593826593137255
11.715,0.016,185.0,0.0,0.1,-0.026405005361519608
11.732,0.017,185.0,0.0,0.1,-0.026000497855392157
11.748,0.016,185.0,0.0,0.1,-0.02460027956495098
11.764,0.016,185.0,0.0,0.1,-0.020524088541666666
11.781,0.017,185.0,0.0,0.1,-0.020524088541666666
11.797,0.016,185.0,0.0,0.1,-0.026156077665441178
11.813,0.016,185.0,0.0,0.1,-0.025409294577205883
11.83,0.017,185.0,0.0,0.1,-0.025844918045343137
11.846,0.016,185.0,0.0,0.1,-0.02587603400735294
11.863,0.017,185.0,0.0,0.1,-0.02618719362745098
11.879,0.016,185.0,0.0,0.1,-0.025129250919117645
11.895,0.016,185.0,0.0,0.1,-0.02531594669117647
11.912,0.017,185.0,0.0,0.1,-0.02593826593137255
11.928,0.016,185.0,0.0,0.1,-0.02618719362745098
11.945,0.017,185.0,0.0,0.1,-0.026000497855392157
11.961,0.016,185.0,0.0,0.1,-0.025440410539215686
11.977,0.016,185.0,0.0,0.1,-0.026124961703431374
11.994,0.017,185.0,0.0,0.1,-0.026218309589460784
12.01,0.016,185.0,0.0,0.1,-0.02587603400735294
12.026,0.016,185.0,0.0,0.1,-0.02593826593137255
12.043,0.017,185.0,0.0,0.1,-0.025595990349264706
12.059,0.016,185.0,0.0,0.1,-0.026405005361519608
12.076,0.017,185.0,0.0,0.1,-0.026218309589460784
12.092,0.016,184.75,-3.125,0.1,-0.025689338235294117
12.108,0.016,185.0,0.0,0.1,-0.025440410539215686
12.125,0.017,185.0,0.0,0.1,-0.026249425551470588
12.141,0.016,185.0,0.0,0.1,-0.025844918045343137
12.158,0.017,184.75,-2.941176470588235,0.1,-0.02649835324754902
12.174,0.016,185.0,3.3088235294117654,0.1,-0.026249425551470588
12.19,0.016,185.0,0.18382352941176486,0.1,-0.026000497855392157
12.207,0.017,185.0,0.18382352941176486,0.1,-0.026311657475490195
12.223,0.016,185.0,0.18382352941176486,0.1,-0.02547152650122549
12.239,0.016,185.0,3.125,0.1,-0.026000497855392157
12.256,0.017,185.0,0.0,0.1,-0.025844918045343137
12.272,0.016,185.0,0.0,0.1,-0.02537817861519608
12.289,0.017,185.0,0.0,0.1,-0.025595990349264706
12.305,0.016,185.0,0.0,0.1,-0.025160366881127452
12.321,0.016,185.0,0.0,0.1,-0.025564874387254903
12.338,0.017,185.25,2.941176470588235,0.1,-0.025751570159313727
12.354,0.016,185.0,-0.18382352941176486,0.1,-0.025658222273284313
12.37,0.016,185.0,-0.18382352941176486,0.1,-0.026218309589460784
12.387,0.017,185.0,-0.18382352941176486,0.1,-0.025409294577205883
12.403,0.016,185.0,-0.18382352941176486,0.1,-0.026156077665441178
12.42,0.017,185.0,-3.125,0.1,-0.025844918045343137
12.436,0.016,185.0,0.0,0.1,-0.025284830729166666
12.452,0.016,185.0,0.0,0.1,-0.025595990349264706
12.469,0.017,185.0,0.0,0.1,-0.02587603400735294
12.485,0.016,185.0,0.0,0.1,-0.025440410539215686
12.502,0.017,185.0,0.0,0.1,-0.02656058517156863
12.518,0.016,185.0,0.0,0.1,-0.02618719362745098
12.534,0.016,184.75,-3.125,0.1,-0.02578268612132353
12.551,0.017,185.0,-0.18382352941176486,0.1,-0.026249425551470588
12.567,0.016,185.0,-0.18382352941176486,0.1,-0.025564874387254903
12.582,0.015,185.0,-0.18382352941176486,0.1,-0.025907149969362744
12.599,0.017,185.0,-0.18382352941176486,0.1,-0.026467237285539215
12.615,0.016,185.0,2.941176470588235,0.1,-0.025813802083333334
12.632,0.017,185.0,0.0,0.1,-0.02578268612132353
12.649,0.017,185.0,0.0,0.1,-0.026311657475490195
12.664,0.015,185.0,0.0,0.1,-0.026156077665441178
12.681,0.017,185.0,0.0,0.1,-0.026124961703431374
12.697,0.016,185.0,0.0,0.1,-0.02522259880514706
12.714,0.017,185.0,0.0,0.1,-0.026373889399509805
12.73,0.016,185.0,0.0,0.1,-0.025813802083333334
12.746,0.016,185.0,0.0,0.1,-0.026529469209558825
12.763,0.017,185.0,0.0,0.1,-0.025751570159313727
12.779,0.016,185.0,0.0,0.1,-0.02578268612132353
12.796,0.017,185.0,0.0,0.1,-0.02562710631127451
12.812,0.016,185.0,0.0,0.1,-0.02643612132352941
12.828,0.016,184.75,-3.125,0.1,-0.026062729779411764
12.845,0.017,185.0,-0.18382352941176486,0.1,-0.025502642463235293
12.861,0.016,185.0,-0.18382352941176486,0.1,-0.025595990349264706
12.877,0.016,185.0,-0.18382352941176486,0.1,-0.026467237285539215
12.894,0.017,185.0,-0.18382352941176486,0.1,-0.025658222273284313
12.91,0.016,185.0,2.941176470588235,0.1,-0.026405005361519608
12.927,0.017,185.0,0.0,0.1,-0.026062729779411764
12.943,0.016,185.0,0.0,0.1,-0.026218309589460784
12.959,0.016,185.0,0.0,0.1,-0.025658222273284313
12.976,0.017,185.0,0.0,0.1,-0.02578268612132353
12.992,0.016,185.0,0.0,0.1,-0.025813802083333334
13.008,0.016,185.0,0.0,0.1,-0.025907149969362744
13.025,0.017,185.0,0.0,0.1,-0.025813802083333334
13.041,0.016,185.0,0.0,0.1,-0.02628054151348039
13.058,0.017,185.0,0.0,0.1,-0.025907149969362744
13.074,0.016,185.0,0.0,0.1,-0.02665393305759804
13.09,0.016,185.0,0.0,0.1,-0.02587603400735294
13.107,0.017,185.0,0.0,0.1,-0.02562710631127451
13.123,0.016,185.0,0.0,0.1,-0.026249425551470588
13.14,0.017,185.0,0.0,0.1,-0.026000497855392157
13.156,0.016,185.0,0.0,0.1,-0.026124961703431374
13.172,0.016,185.0,0.0,0.1,-0.025658222273284313
13.189,0.017,185.0,0.0,0.1,-0.025658222273284313
13.205,0.016,185.0,0.0,0.1,-0.02593826593137255
13.221,0.016,184.75,-3.125,0.1,-0.02572045419730392
13.238,0.017,184.75,-3.125,0.1,-0.026124961703431374
13.254,0.016,185.0,0.0,0.1,-0.026218309589460784
13.271,0.017,184.75,-2.941176470588235,0.1,-0.023448988970588235
13.287,0.016,184.5,-6.066176470588235,0.1,-0.02086636412377451
13.303,0.016,185.0,3.3088235294117654,0.1,-0.019061638327205883
13.32,0.017,185.0,3.3088235294117654,0.1,-0.025595990349264706
13.336,0.016,185.0,0.18382352941176522,0.1,-0.026062729779411764
13.353,0.017,185.0,3.125,0.1,-0.02578268612132353
13.369,0.016,185.0,6.25,0.1,-0.02537817861519608
13.385,0.016,185.0,0.0,0.1,-0.02562710631127451
13.402,0.017,185.0,0.0,0.1,-0.025595990349264706
13.418,0.016,185.0,0.0,0.1,-0.025253714767156862
13.434,0.016,185.0,0.0,0.1,-0.025969381893382354
13.451,0.017,185.0,0.0,0.1,-0.025689338235294117
13.467,0.016,185.0,0.0,0.1,-0.025595990349264706
13.484,0.017,185.0,0.0,0.1,-0.02506701899509804
13.5,0.016,185.0,0.0,0.1,-0.025098134957107842
13.516,0.016,185.0,0.0,0.1,-0.02587603400735294
13.533,0.017,185.0,0.0,0.1,-0.025907149969362744
13.549,0.016,185.0,0.0,0.1,-0.02593826593137255
13.566,0.017,185.0,0.0,0.1,-0.025751570159313727
13.582,0.016,185.0,0.0,0.1,-0.0263427734375
13.598,0.016,185.0,0.0,0.1,-0.026124961703431374
13.615,0.017,185.0,0.0,0.1,-0.026062729779411764
13.631,0.016,185.0,0.0,0.1,-0.02618719362745098
13.647,0.016,185.0,0.0,0.1,-0.025813802083333334
13.664,0.017,185.0,0.0,0.1,-0.026405005361519608
13.68,0.016,184.75,-3.125,0.1,-0.025253714767156862
13.697,0.017,185.0,-0.18382352941176486,0.1,-0.026311657475490195
13.713,0.016,185.0,-0.18382352941176486,0.1,-0.02587603400735294
13.729,0.016,185.0,-0.18382352941176486,0.1,-0.02572045419730392
13.746,0.017,185.0,-0.18382352941176486,0.1,-0.025564874387254903
13.762,0.016,185.0,2.941176470588235,0.1,-0.025347062653186276
13.778,0.016,185.0,0.0,0.1,-0.026093845741421567
13.795,0.017,185.0,0.0,0.1,-0.025907149969362744
13.811,0.016,185.0,0.0,0.1,-0.025689338235294117
13.828,0.017,184.75,-2.941176470588235,0.1,-0.025347062653186276
13.844,0.016,185.0,0.18382352941176486,0.1,-0.025035903033088235
13.86,0.016,185.0,0.18382352941176486,0.1,-0.02572045419730392
13.877,0.017,185.0,0.18382352941176486,0.1,-0.02578268612132353
13.893,0.016,185.0,0.18382352941176486,0.1,-0.026093845741421567
13.91,0.017,185.0,3.125,0.1,-0.026093845741421567
13.926,0.016,185.0,0.0,0.1,-0.025689338235294117
13.942,0.016,185.0,0.0,0.1,-0.025969381893382354
13.959,0.017,185.0,0.0,0.1,-0.02531594669117647
13.975,0.016,185.0,0.0,0.1,-0.026062729779411764
13.991,0.016,185.0,0.0,0.1,-0.02578268612132353
14.008,0.017,185.0,0.0,0.1,-0.025658222273284313
14.024,0.016,185.0,0.0,0.1,-0.026156077665441178
14.041,0.017,185.0,0.0,0.1,-0.026093845741421567
14.057,0.016,185.0,0.0,0.1,-0.025907149969362744
14.073,0.016,185.0,0.0,0.1,-0.026218309589460784
14.09,0.017,185.0,0.0,0.1,-0.025253714767156862
14.106,0.016,185.0,0.0,0.1,-0.025658222273284313
14.123,0.017,185.0,0.0,0.1,-0.025409294577205883
14.139,0.016,185.0,0.0,0.1,-0.02618719362745098
14.155,0.016,185.0,0.0,0.1,-0.025129250919117645
14.172,0.017,185.0,0.0,0.1,-0.026093845741421567
14.188,0.016,185.0,0.0,0.1,-0.02593826593137255
14.204,0.016,185.0,0.0,0.1,-0.02618719362745098
14.221,0.017,185.0,0.0,0.1,-0.022577742034313727
14.236,0.015,185.25,3.3333333333333335,0.1,-0.020119581035539215
14.254,0.018,185.0,0.5555555555555557,0.1,-0.020679668351715686
14.269,0.015,185.0,0.5555555555555557,0.1,-0.025751570159313727
14.286,0.017,185.0,0.5555555555555557,0.1,-0.02537817861519608
14.303,0.017,185.0,0.5555555555555557,0.1,-0.024258003982843137
14.318,0.015,185.0,-2.7777777777777777,0.1,-0.025969381893382354
14.335,0.017,185.0,0.0,0.1,-0.02537817861519608
14.351,0.016,185.0,0.0,0.1,-0.025564874387254903
14.367,0.016,185.0,0.0,0.1,-0.02603161381740196
14.384,0.017,185.0,0.0,0.1,-0.0255337584252451
14.4,0.016,185.0,0.0,0.1,-0.026249425551470588
14.416,0.016,185.0,0.0,0.1,-0.025689338235294117
14.433,0.017,185.0,0.0,0.1,-0.02593826593137255
14.449,0.016,185.0,0.0,0.1,-0.025595990349264706
14.466,0.017,185.0,0.0,0.1,-0.026062729779411764
14.482,0.016,185.0,0.0,0.1,-0.02593826593137255
14.498,0.016,185.0,0.0,0.1,-0.02572045419730392
14.515,0.017,185.0,0.0,0.1,-0.02587603400735294
14.531,0.016,185.0,0.0,0.1,-0.02593826593137255
14.548,0.017,185.0,0.0,0.1,-0.02628054151348039
14.564,0.016,185.0,0.0,0.1,-0.02593826593137255
14.58,0.016,185.0,0.0,0.1,-0.02522259880514706
14.597,0.017,185.0,0.0,0.1,-0.025969381893382354
14.613,0.016,185.0,0.0,0.1,-0.02603161381740196
14.629,0.016,185.0,0.0,0.1,-0.025689338235294117
14.646,0.017,185.0,0.0,0.1,-0.025595990349264706
14.662,0.016,185.0,0.0,0.1,-0.025751570159313727
14.679,0.017,185.0,0.0,0.1,-0.02578268612132353
14.695,0.016,185.0,0.0,0.1,-0.025595990349264706
14.711,0.016,185.0,0.0,0.1,-0.026062729779411764
14.728,0.017,185.0,0.0,0.1,-0.025595990349264706
14.744,0.016,185.0,0.0,0.1,-0.026405005361519608
14.761,0.017,185.0,0.0,0.1,-0.025689338235294117
14.777,0.016,185.0,0.0,0.1,-0.02531594669117647
14.793,0.016,185.0,0.0,0.1,-0.02562710631127451
14.81,0.017,185.0,0.0,0.1,-0.02603161381740196
14.826,0.016,185.0,0.0,0.1,-0.025564874387254903
14.842,0.016,185.0,0.0,0.1,-0.02562710631127451
14.859,0.017,185.0,0.0,0.1,-0.027898571537990195
14.875,0.016,185.0,0.0,0.1,-0.030667892156862744
14.892,0.017,185.0,0.0,0.1,-0.03063677619485294
14.908,0.016,185.0,0.0,0.1,-0.03063677619485294
14.924,0.016,184.75,-3.125,0.1,-0.03054342830882353
14.941,0.017,185.0,-0.18382352941176486,0.1,-0.03138355928308824
14.957,0.016,185.0,-0.18382352941176486,0.1,-0.030574544270833334
14.974,0.017,185.0,-0.18382352941176486,0.1,-0.028427542892156862
14.99,0.016,185.0,-0.18382352941176486,0.1,-0.02730736825980392
15.006,0.016,185.25,6.066176470588235,0.1,-0.02690286075367647
15.023,0.017,185.0,0.18382352941176486,0.1,-0.029796645220588235
15.039,0.016,185.0,0.18382352941176486,0.1,-0.030418964460784313
15.055,0.016,185.25,3.3088235294117654,0.1,-0.03119686351102941
15.072,0.017,185.5,6.25,0.1,-0.03048119638480392
15.088,0.016,186.0,9.375,0.1,-0.029858877144607842
15.105,0.017,186.0,12.316176470588236,0.1,-0.031445791207107845
15.121,0.016,186.0,12.316176470588236,0.1,-0.030418964460784313
15.137,0.016,186.75,18.566176470588236,0.1,-0.031321327359068625
15.154,0.017,187.0,18.566176470588236,0.1,-0.031227979473039215
15.17,0.016,187.0,12.316176470588236,0.1,-0.03160137101715686
15.186,0.016,188.0,24.816176470588236,0.1,-0.03125909543504902
15.203,0.017,188.0,24.816176470588236,0.1,-0.03138355928308824
15.219,0.016,189.0,27.941176470588232,0.1,-0.031850298713235296
15.236,0.017,189.25,27.941176470588232,0.1,-0.031321327359068625
15.252,0.016,189.0,24.816176470588236,0.1,-0.031227979473039215
15.268,0.016,190.0,24.816176470588236,0.1,-0.03119686351102941
15.285,0.017,190.0,24.816176470588236,0.1,-0.03206811044730392
15.301,0.016,190.0,12.316176470588236,0.1,-0.03147690716911765
15.318,0.017,190.0,9.375,0.1,-0.031445791207107845
15.334,0.016,190.5,18.75,0.1,-0.03181918275122549
15.35,0.016,190.25,3.125,0.1,-0.03135244332107843
15.367,0.017,190.75,9.00735294117647,0.1,-0.031943646599264706
15.383,0.016,191.0,12.13235294117647,0.1,-0.0319125306372549
15.399,0.016,191.0,12.13235294117647,0.1,-0.03228592218137255
15.416,0.017,191.0,5.882352941176469,0.1,-0.03200587852328431
15.432,0.016,191.0,9.00735294117647,0.1,-0.0319125306372549
15.449,0.017,191.5,9.00735294117647,0.1,-0.03237927006740196
15.465,0.016,191.0,-0.3676470588235297,0.1,-0.03228592218137255
15.481,0.016,191.0,-0.3676470588235297,0.1,-0.0319125306372549
15.498,0.017,191.25,2.5735294117647056,0.1,-0.03157025505514706
15.514,0.016,191.0,-0.5514705882352946,0.1,-0.0326904296875
15.53,0.016,191.75,2.9411764705882346,0.1,-0.03256596583946078
15.547,0.017,192.0,12.13235294117647,0.1,-0.03287712545955882
15.563,0.016,192.0,12.13235294117647,0.1,-0.03284600949754902
15.58,0.017,192.0,9.191176470588236,0.1,-0.03284600949754902
15.596,0.016,192.0,12.316176470588236,0.1,-0.033219401041666666
15.612,0.016,192.75,12.316176470588236,0.1,-0.032721545649509805
15.629,0.017,193.0,12.316176470588236,0.1,-0.03203699448529412
15.645,0.016,193.5,18.566176470588236,0.1,-0.033219401041666666
15.662,0.017,194.0,24.448529411764703,0.1,-0.03203699448529412
15.677,0.015,194.0,24.448529411764703,0.1,-0.031134631587009805
15.693,0.016,194.5,21.323529411764703,0.1,-0.031103515625
15.711,0.018,195.0,23.937908496732025,0.1,-0.0326904296875
15.727,0.016,195.0,17.687908496732028,0.1,-0.031539139093137256
15.743,0.016,195.0,11.805555555555555,0.1,-0.026716164981617645
15.759,0.016,195.25,14.930555555555554,0.1,-0.026156077665441178
15.775,0.016,195.0,5.555555555555555,0.1,-0.02889428232230392
15.792,0.017,195.0,0.0,0.1,-0.03069900811887255
15.808,0.016,195.0,0.0,0.1,-0.03038784849877451
15.825,0.017,195.0,0.0,0.1,-0.03141467524509804
15.841,0.016,195.0,-3.125,0.1,-0.03150802313112745
15.858,0.017,195.5,5.88235294117647,0.1,-0.03234815410539216
15.874,0.016,195.5,5.88235294117647,0.1,-0.03079235600490196
15.89,0.016,196.0,12.13235294117647,0.1,-0.030325616574754903
15.907,0.017,196.0,12.13235294117647,0.1,-0.031539139093137256
15.923,0.016,196.0,12.13235294117647,0.1,-0.03007668887867647
15.939,0.016,196.0,6.25,0.1,-0.030823471966911764
15.956,0.017,196.0,6.25,0.1,-0.030356732536764706
15.972,0.016,195.75,-3.125,0.1,-0.030667892156862744
15.988,0.016,195.5,-6.25,0.1,-0.030418964460784313
16.005,0.017,195.75,-3.3088235294117654,0.1,-0.03007668887867647
16.021,0.016,196.0,-0.18382352941176486,0.1,-0.030854587928921567
16.038,0.017,196.0,-0.18382352941176486,0.1,-0.030979051776960784
16.054,0.016,196.0,2.941176470588235,0.1,-0.030823471966911764
16.07,0.016,196.0,6.066176470588235,0.1,-0.030574544270833334
16.087,0.017,196.0,3.125,0.1,-0.030512312346813727
16.103,0.016,196.0,0.0,0.1,-0.030263384650735293
16.119,0.016,196.0,0.0,0.1,-0.02736960018382353
16.136,0.017,196.0,0.0,0.1,-0.025564874387254903
16.152,0.016,196.0,0.0,0.1,-0.0263427734375
16.169,0.017,196.0,0.0,0.1,-0.030761240042892157
16.185,0.016,196.0,0.0,0.1,-0.03138355928308824
16.201,0.016,196.0,0.0,0.1,-0.03054342830882353
16.218,0.017,196.0,0.0,0.1,-0.03138355928308824
16.234,0.016,196.0,0.0,0.1,-0.030325616574754903
16.25,0.016,196.0,0.0,0.1,-0.031010167738970588
16.267,0.017,196.0,0.0,0.1,-0.03104128370098039
16.283,0.016,196.0,0.0,0.1,-0.03013892080269608
16.3,0.017,196.0,0.0,0.1,-0.030854587928921567
16.316,0.016,196.0,0.0,0.1,-0.030730124080882354
16.332,0.016,196.0,0.0,0.1,-0.030761240042892157
16.349,0.017,196.0,0.0,0.1,-0.030916819852941178
16.365,0.016,196.0,0.0,0.1,-0.030418964460784313
16.382,0.017,195.5,-5.88235294117647,0.1,-0.030667892156862744
16.398,0.016,195.75,-2.75735294117647,0.1,-0.030667892156862744
16.414,0.016,195.5,-5.88235294117647,0.1,-0.030730124080882354
16.431,0.017,195.75,-2.941176470588235,0.1,-0.03157025505514706
16.447,0.016,196.0,0.1838235294117645,0.1,-0.03063677619485294
16.463,0.016,196.0,6.066176470588235,0.1,-0.031103515625
16.48,0.017,196.0,2.9411764705882346,0.1,-0.031072399662990195
16.496,0.016,196.0,6.066176470588235,0.1,-0.031321327359068625
16.513,0.017,196.0,3.125,0.1,-0.031943646599264706
16.529,0.016,196.0,0.0,0.1,-0.030854587928921567
16.545,0.016,196.0,0.0,0.1,-0.030667892156862744
16.562,0.017,196.0,0.0,0.1,-0.031943646599264706
16.578,0.016,195.75,-3.125,0.1,-0.03135244332107843
16.594,0.016,195.5,-6.25,0.1,-0.031850298713235296
16.611,0.017,196.0,-0.3676470588235297,0.1,-0.031725834865196076
16.627,0.016,195.75,-3.49264705882353,0.1,-0.03169471890318627
16.644,0.017,196.0,-0.5514705882352946,0.1,-0.03150802313112745
16.66,0.016,196.0,2.5735294117647056,0.1,-0.03160137101715686
16.676,0.016,196.0,5.698529411764706,0.1,-0.031850298713235296
16.693,0.017,196.0,-0.18382352941176486,0.1,-0.03200587852328431
16.709,0.016,196.0,2.941176470588235,0.1,-0.03234815410539216
16.726,0.017,196.0,0.0,0.1,-0.03181918275122549
16.742,0.016,196.0,0.0,0.1,-0.031632486979166666
16.758,0.016,196.0,0.0,0.1,-0.03166360294117647
16.775,0.017,196.0,0.0,0.1,-0.03219257429534314
16.791,0.016,196.0,0.0,0.1,-0.03181918275122549
16.807,0.016,196.0,0.0,0.1,-0.03213034237132353
16.824,0.017,196.0,0.0,0.1,-0.032223690257352944
16.84,0.016,196.0,0.0,0.1,-0.03216145833333333
16.857,0.017,196.0,0.0,0.1,-0.03256596583946078
16.873,0.016,195.75,-3.125,0.1,-0.03244150199142157
16.889,0.016,195.75,-3.125,0.1,-0.03284600949754902
16.906,0.017,196.0,-0.18382352941176486,0.1,-0.03200587852328431
16.922,0.016,196.0,-0.18382352941176486,0.1,-0.032223690257352944
16.938,0.016,196.0,-0.18382352941176486,0.1,-0.03175695082720588
16.955,0.017,196.0,2.941176470588235,0.1,-0.03166360294117647
16.971,0.016,196.0,2.941176470588235,0.1,-0.03234815410539216
16.988,0.017,195.5,-5.88235294117647,0.1,-0.03247261795343137
17.004,0.016,196.0,0.3676470588235297,0.1,-0.03200587852328431
17.02,0.016,195.75,-2.75735294117647,0.1,-0.03284600949754902
17.037,0.017,196.0,0.1838235294117645,0.1,-0.03181918275122549
17.052,0.015,195.25,-9.816176470588236,0.1,-0.03318828507965686
17.07,0.018,196.0,4.399509803921569,0.1,-0.03253484987745098
17.086,0.016,196.0,-1.850490196078431,0.1,-0.031725834865196076
17.101,0.015,196.0,1.274509803921569,0.1,-0.030885703890931374
17.119,0.018,196.0,-1.6666666666666656,0.1,-0.031227979473039215
17.134,0.015,196.0,8.333333333333334,0.1,-0.0318814146752451
17.151,0.017,196.0,0.0,0.1,-0.03160137101715686
17.168,0.017,196.0,0.0,0.1,-0.03213034237132353
17.183,0.015,196.0,0.0,0.1,-0.030574544270833334
17.2,0.017,196.0,0.0,0.1,-0.031321327359068625
17.216,0.016,196.0,0.0,0.1,-0.030450080422794117
17.232,0.016,196.0,0.0,0.1,-0.030854587928921567
17.249,0.017,196.0,0.0,0.1,-0.030263384650735293
17.265,0.016,195.75,-3.125,0.1,-0.03038784849877451
17.282,0.017,196.0,-0.18382352941176486,0.1,-0.030761240042892157
17.298,0.016,196.0,-0.18382352941176486,0.1,-0.02973441329656863
17.314,0.016,196.0,-0.18382352941176486,0.1,-0.030045572916666666
17.331,0.017,196.0,-0.18382352941176486,0.1,-0.030201152726715686
17.347,0.016,196.0,2.941176470588235,0.1,-0.029641065410539215
17.364,0.017,196.0,0.0,0.1,-0.03038784849877451
17.38,0.016,196.0,0.0,0.1,-0.02911209405637255
17.396,0.016,196.0,0.0,0.1,-0.029952225030637256
17.413,0.017,196.0,0.0,0.1,-0.02973441329656863
17.429,0.016,196.0,0.0,0.1,-0.030045572916666666
17.445,0.016,196.0,0.0,0.1,-0.02967218137254902
17.462,0.017,196.0,0.0,0.1,-0.030450080422794117
17.478,0.016,196.0,0.0,0.1,-0.029796645220588235
17.495,0.017,196.0,0.0,0.1,-0.030170036764705883
17.511,0.016,196.0,0.0,0.1,-0.029703297334558825
17.527,0.016,196.0,0.0,0.1,-0.030512312346813727
17.544,0.017,196.0,0.0,0.1,-0.030014456954656862
17.56,0.016,196.0,0.0,0.1,-0.030667892156862744
17.577,0.017,196.0,0.0,0.1,-0.030356732536764706
17.593,0.016,196.0,0.0,0.1,-0.03094793581495098
17.609,0.016,196.0,0.0,0.1,-0.029485485600490195
17.626,0.017,195.5,-5.88235294117647,0.1,-0.030574544270833334
17.642,0.016,196.0,0.3676470588235297,0.1,-0.03013892080269608
17.658,0.016,196.0,0.3676470588235297,0.1,-0.030170036764705883
17.675,0.017,196.0,0.3676470588235297,0.1,-0.030979051776960784
17.691,0.016,196.0,0.3676470588235297,0.1,-0.030107804840686276
17.708,0.017,196.0,6.25,0.1,-0.03007668887867647
17.724,0.016,196.0,0.0,0.1,-0.03135244332107843
17.74,0.016,195.5,-6.25,0.1,-0.030823471966911764
17.757,0.017,196.0,-0.3676470588235297,0.1,-0.030574544270833334
17.773,0.016,196.0,-0.3676470588235297,0.1,-0.03038784849877451
17.79,0.017,196.0,-0.3676470588235297,0.1,-0.03104128370098039
17.806,0.016,196.0,-0.3676470588235297,0.1,-0.030823471966911764
17.822,0.016,196.0,5.88235294117647,0.1,-0.03069900811887255
17.839,0.017,196.0,0.0,0.1,-0.030979051776960784
17.855,0.016,196.0,0.0,0.1,-0.03135244332107843
17.871,0.016,196.0,0.0,0.1,-0.030574544270833334
17.888,0.017,196.0,0.0,0.1,-0.03135244332107843
17.904,0.016,196.0,0.0,0.1,-0.030916819852941178
17.921,0.017,196.0,0.0,0.1,-0.031539139093137256
17.937,0.016,196.0,0.0,0.1,-0.031134631587009805
17.953,0.016,196.0,0.0,0.1,-0.030325616574754903
17.97,0.017,196.0,0.0,0.1,-0.031165747549019608
17.986,0.016,196.0,0.0,0.1,-0.031725834865196076
18.002,0.016,196.0,0.0,0.1,-0.03141467524509804
18.019,0.017,196.0,0.0,0.1,-0.03147690716911765
18.035,0.016,196.0,0.0,0.1,-0.030854587928921567
18.052,0.017,196.0,0.0,0.1,-0.03125909543504902
18.068,0.016,195.5,-6.25,0.1,-0.03228592218137255
18.084,0.016,196.0,0.0,0.1,-0.029952225030637256
18.101,0.017,196.0,0.0,0.1,-0.03157025505514706
18.117,0.016,196.0,0.0,0.1,-0.03181918275122549
18.134,0.017,196.0,0.0,0.1,-0.03166360294117647
18.15,0.016,196.0,6.25,0.1,-0.03253484987745098
18.166,0.016,196.0,0.0,0.1,-0.031227979473039215
18.183,0.017,196.0,0.0,0.1,-0.031445791207107845
18.199,0.016,196.0,0.0,0.1,-0.03253484987745098
18.215,0.016,196.0,0.0,0.1,-0.03157025505514706
18.232,0.017,196.0,0.0,0.1,-0.03200587852328431
18.248,0.016,196.0,0.0,0.1,-0.0318814146752451
18.265,0.017,196.0,0.0,0.1,-0.03275266161151961
18.281,0.016,196.0,0.0,0.1,-0.03219257429534314
18.297,0.016,196.0,0.0,0.1,-0.03244150199142157
18.314,0.017,196.0,0.0,0.1,-0.03244150199142157
18.33,0.016,196.0,0.0,0.1,-0.032223690257352944
18.347,0.017,196.0,0.0,0.1,-0.031725834865196076
18.363,0.016,196.0,0.0,0.1,-0.03203699448529412
18.379,0.016,196.0,0.0,0.1,-0.03275266161151961
18.396,0.017,196.0,0.0,0.1,-0.03234815410539216
18.412,0.016,196.0,0.0,0.1,-0.032814893535539215
18.428,0.016,196.0,0.0,0.1,-0.03334386488970588
18.444,0.016,196.0,0.0,0.1,-0.03157025505514706
18.46,0.016,196.0,0.0,0.1,-0.03253484987745098
18.478,0.018,195.5,-5.555555555555555,0.1,-0.03256596583946078
18.494,0.016,195.5,-5.555555555555555,0.1,-0.03293935738357843
18.509,0.015,196.0,1.1111111111111114,0.1,-0.030761240042892157
18.527,0.018,196.0,1.1111111111111114,0.1,-0.03175695082720588
18.542,0.015,196.0,1.1111111111111114,0.1,-0.03197476256127451
18.559,0.017,196.0,6.666666666666667,0.1,-0.03129021139705882
18.575,0.016,196.0,6.666666666666667,0.1,-0.03147690716911765
18.591,0.016,196.0,0.0,0.1,-0.031103515625
18.609,0.018,196.0,0.0,0.1,-0.031072399662990195
18.624,0.015,196.0,0.0,0.1,-0.030605660232843137
18.64,0.016,196.0,0.0,0.1,-0.030418964460784313
18.657,0.017,196.0,0.0,0.1,-0.031010167738970588
18.673,0.016,196.0,0.0,0.1,-0.030356732536764706
18.69,0.017,196.0,0.0,0.1,-0.02973441329656863
18.706,0.016,195.5,-6.25,0.1,-0.029641065410539215
18.723,0.017,196.0,-0.3676470588235297,0.1,-0.03169471890318627
18.739,0.016,196.0,-0.3676470588235297,0.1,-0.030325616574754903
18.755,0.016,196.0,-0.3676470588235297,0.1,-0.029952225030637256
18.772,0.017,196.0,-0.3676470588235297,0.1,-0.030605660232843137
18.788,0.016,196.0,5.88235294117647,0.1,-0.029858877144607842
18.804,0.016,196.0,0.0,0.1,-0.029796645220588235
18.821,0.017,196.0,0.0,0.1,-0.0302945006127451
18.837,0.016,196.0,0.0,0.1,-0.02960994944852941
18.853,0.016,196.0,0.0,0.1,-0.03063677619485294
18.87,0.017,196.0,0.0,0.1,-0.029796645220588235
18.886,0.016,196.0,0.0,0.1,-0.030201152726715686
18.903,0.017,195.5,-5.88235294117647,0.1,-0.030045572916666666
18.919,0.016,195.25,-9.00735294117647,0.1,-0.03023226868872549
18.935,0.016,196.0,0.36764705882353044,0.1,-0.029858877144607842
18.952,0.017,196.0,0.36764705882353044,0.1,-0.03094793581495098
18.968,0.016,196.0,0.36764705882353044,0.1,-0.03169471890318627
18.985,0.017,196.0,6.25,0.1,-0.02982776118259804
19.001,0.016,196.0,9.375,0.1,-0.030605660232843137
19.017,0.016,196.0,0.0,0.1,-0.030916819852941178
19.034,0.017,196.0,0.0,0.1,-0.0302945006127451
19.05,0.016,196.0,0.0,0.1,-0.030170036764705883
19.066,0.016,196.0,0.0,0.1,-0.030916819852941178
19.083,0.017,196.0,0.0,0.1,-0.030730124080882354
19.099,0.016,196.0,0.0,0.1,-0.030854587928921567
19.116,0.017,196.0,0.0,0.1,-0.03054342830882353
19.132,0.016,196.0,0.0,0.1,-0.030450080422794117
19.148,0.016,195.75,-3.125,0.1,-0.030201152726715686
19.165,0.017,195.75,-3.125,0.1,-0.02680951286764706
19.181,0.016,196.0,0.0,0.1,-0.025440410539215686
19.198,0.017,196.0,0.0,0.1,-0.029329905790441178
19.214,0.016,196.0,0.0,0.1,-0.031227979473039215
19.23,0.016,196.0,3.125,0.1,-0.031227979473039215
19.247,0.017,196.0,3.125,0.1,-0.031321327359068625
19.263,0.016,196.0,0.0,0.1,-0.030170036764705883
19.279,0.016,196.0,0.0,0.1,-0.030761240042892157
19.296,0.017,196.0,0.0,0.1,-0.030356732536764706
19.312,0.016,196.0,0.0,0.1,-0.03141467524509804
19.329,0.017,196.0,0.0,0.1,-0.03054342830882353
19.345,0.016,196.0,0.0,0.1,-0.03209922640931372
19.361,0.016,195.5,-6.25,0.1,-0.0302945006127451
19.378,0.017,196.0,-0.3676470588235297,0.1,-0.03129021139705882
19.394,0.016,196.0,-0.3676470588235297,0.1,-0.030325616574754903
19.41,0.016,196.0,-0.3676470588235297,0.1,-0.030761240042892157
19.427,0.017,196.0,-0.3676470588235297,0.1,-0.031445791207107845
19.443,0.016,196.0,5.88235294117647,0.1,-0.031165747549019608
19.46,0.017,196.0,0.0,0.1,-0.03175695082720588
19.476,0.016,196.0,0.0,0.1,-0.031632486979166666
19.492,0.016,196.0,0.0,0.1,-0.032223690257352944
19.509,0.017,196.0,0.0,0.1,-0.031725834865196076
19.525,0.016,196.0,0.0,0.1,-0.03200587852328431
19.542,0.017,196.0,0.0,0.1,-0.02808526731004902
19.558,0.016,196.0,0.0,0.1,-0.02746294806985294
19.574,0.016,196.0,0.0,0.1,-0.02911209405637255
19.591,0.017,195.5,-5.88235294117647,0.1,-0.03094793581495098
19.607,0.016,196.0,0.3676470588235297,0.1,-0.03256596583946078
19.623,0.016,196.0,0.3676470588235297,0.1,-0.03160137101715686
19.64,0.017,196.0,0.3676470588235297,0.1,-0.03181918275122549
19.656,0.016,196.0,0.3676470588235297,0.1,-0.0326593137254902
19.673,0.017,196.0,6.25,0.1,-0.032503733915441174
19.689,0.016,196.0,0.0,0.1,-0.03209922640931372
19.705,0.016,196.0,0.0,0.1,-0.03293935738357843
19.722,0.017,196.0,0.0,0.1,-0.03228592218137255
19.738,0.016,196.0,0.0,0.1,-0.03166360294117647
19.755,0.017,196.0,0.0,0.1,-0.0326593137254902
19.771,0.016,196.0,0.0,0.1,-0.030730124080882354
19.787,0.016,196.0,0.0,0.1,-0.032223690257352944
19.804,0.017,196.0,0.0,0.1,-0.03256596583946078
19.82,0.016,196.0,0.0,0.1,-0.03284600949754902
19.836,0.016,196.0,0.0,0.1,-0.031321327359068625
19.853,0.017,196.0,0.0,0.1,-0.03287712545955882
19.869,0.016,195.75,-3.125,0.1,-0.032503733915441174
19.885,0.016,196.0,0.0,0.1,-0.032317038143382354
19.902,0.017,196.0,0.0,0.1,-0.03256596583946078
19.918,0.016,196.0,0.0,0.1,-0.030916819852941178
19.935,0.017,196.0,0.0,0.1,-0.02786745557598039
19.953,0.018,196.0,3.125,0.1,-0.028520890778186276
19.971,0.018,195.5,-5.555555555555555,0.1,-0.031134631587009805
19.988,0.017,195.75,-2.6143790849673207,0.1,-0.03125909543504902
20.003,0.015,196.0,0.718954248366013,0.1,-0.031165747549019608
20.02,0.017,196.0,0.718954248366013,0.1,-0.030823471966911764
20.037,0.017,196.0,0.718954248366013,0.1,-0.03169471890318627
20.053,0.016,196.0,6.274509803921569,0.1,-0.029423253676470588
20.07,0.017,196.0,3.3333333333333335,0.1,-0.03063677619485294
20.085,0.015,196.0,0.0,0.1,-0.0302945006127451
20.102,0.017,196.0,0.0,0.1,-0.030014456954656862
20.118,0.016,196.0,0.0,0.1,-0.03023226868872549
20.134,0.016,196.0,0.0,0.1,-0.030107804840686276
20.151,0.017,196.0,0.0,0.1,-0.029703297334558825
20.167,0.016,196.0,0.0,0.1,-0.03048119638480392
20.184,0.017,195.75,-2.941176470588235,0.1,-0.02973441329656863
20.2,0.016,196.0,0.18382352941176486,0.1,-0.029703297334558825
20.216,0.016,196.0,0.18382352941176486,0.1,-0.02960994944852941
20.233,0.017,196.0,0.18382352941176486,0.1,-0.030730124080882354
20.249,0.016,196.0,0.18382352941176486,0.1,-0.031632486979166666
20.266,0.017,196.0,3.125,0.1,-0.029143210018382354
20.282,0.016,196.0,0.0,0.1,-0.031072399662990195
20.298,0.016,195.75,-3.125,0.1,-0.030605660232843137
20.315,0.017,195.75,-3.125,0.1,-0.029485485600490195
20.331,0.016,196.0,0.0,0.1,-0.02967218137254902
20.347,0.016,196.0,0.0,0.1,-0.03038784849877451
20.364,0.017,196.0,0.0,0.1,-0.03119686351102941
20.38,0.016,196.0,3.125,0.1,-0.030107804840686276
20.397,0.017,196.0,3.125,0.1,-0.030045572916666666
20.413,0.016,196.0,0.0,0.1,-0.02973441329656863
20.429,0.016,196.0,0.0,0.1,-0.03038784849877451
20.446,0.017,195.5,-5.88235294117647,0.1,-0.030356732536764706
20.462,0.016,196.0,0.3676470588235297,0.1,-0.02960994944852941
20.479,0.017,196.0,0.3676470588235297,0.1,-0.030916819852941178
20.495,0.016,196.0,0.3676470588235297,0.1,-0.03094793581495098
20.511,0.016,196.0,0.3676470588235297,0.1,-0.030418964460784313
20.528,0.017,196.0,6.25,0.1,-0.031103515625
20.544,0.016,196.0,0.0,0.1,-0.030574544270833334
20.56,0.016,196.0,0.0,0.1,-0.030761240042892157
20.577,0.017,196.0,0.0,0.1,-0.030325616574754903
20.593,0.016,196.0,0.0,0.1,-0.02973441329656863
20.61,0.017,196.0,0.0,0.1,-0.031165747549019608
20.626,0.016,196.0,0.0,0.1,-0.03069900811887255
20.642,0.016,196.0,0.0,0.1,-0.03119686351102941
20.659,0.017,196.0,0.0,0.1,-0.030450080422794117
20.675,0.016,196.0,0.0,0.1,-0.03038784849877451
20.692,0.017,196.0,0.0,0.1,-0.03138355928308824
20.708,0.016,196.0,0.0,0.1,-0.03150802313112745
20.724,0.016,196.0,0.0,0.1,-0.03079235600490196
20.741,0.017,195.25,-8.823529411764707,0.1,-0.03135244332107843
20.757,0.016,196.0,0.5514705882352942,0.1,-0.031632486979166666
20.773,0.016,196.0,0.5514705882352942,0.1,-0.030979051776960784
20.79,0.017,196.0,0.5514705882352942,0.1,-0.03160137101715686
20.806,0.016,196.0,0.5514705882352942,0.1,-0.03125909543504902
20.823,0.017,196.0,9.375,0.1,-0.031321327359068625
20.839,0.016,196.0,0.0,0.1,-0.0318814146752451
20.855,0.016,196.0,0.0,0.1,-0.031539139093137256
20.872,0.017,196.0,0.0,0.1,-0.03129021139705882
20.888,0.016,196.0,0.0,0.1,-0.031632486979166666
20.905,0.017,196.0,0.0,0.1,-0.03209922640931372
20.921,0.016,196.0,0.0,0.1,-0.03181918275122549
20.937,0.016,196.0,0.0,0.1,-0.031943646599264706
20.954,0.017,196.0,0.0,0.1,-0.03200587852328431
20.97,0.016,196.0,0.0,0.1,-0.031725834865196076
20.986,0.016,196.0,0.0,0.1,-0.031227979473039215
21.003,0.017,196.0,0.0,0.1,-0.0318814146752451
21.019,0.016,196.0,0.0,0.1,-0.031227979473039215
21.036,0.017,196.0,0.0,0.1,-0.032628197763480395
21.052,0.016,196.0,0.0,0.1,-0.03234815410539216
21.068,0.016,196.0,0.0,0.1,-0.03209922640931372
21.085,0.017,196.0,0.0,0.1,-0.032503733915441174
21.101,0.016,196.0,0.0,0.1,-0.032410386029411764
21.118,0.017,196.0,0.0,0.1,-0.03135244332107843
21.134,0.016,196.0,0.0,0.1,-0.03225480621936275
21.15,0.016,196.0,0.0,0.1,-0.032317038143382354
21.167,0.017,196.0,0.0,0.1,-0.03209922640931372
21.183,0.016,196.0,0.0,0.1,-0.032317038143382354
21.199,0.016,196.0,0.0,0.1,-0.032628197763480395
21.216,0.017,196.0,0.0,0.1,-0.031725834865196076
21.232,0.016,196.0,0.0,0.1,-0.032223690257352944
21.248,0.016,196.0,0.0,0.1,-0.03213034237132353
21.265,0.017,196.0,0.0,0.1,-0.03138355928308824
21.281,0.016,196.0,0.0,0.1,-0.033219401041666666
21.298,0.017,196.0,0.0,0.1,-0.032317038143382354
21.313,0.015,196.0,0.0,0.1,-0.031725834865196076
21.33,0.017,195.75,-2.941176470588235,0.1,-0.03315716911764706
21.347,0.017,196.0,0.0,0.1,-0.03225480621936275
21.363,0.016,196.0,0.0,0.1,-0.03234815410539216
21.379,0.016,196.0,0.0,0.1,-0.03318828507965686
21.395,0.016,196.0,0.0,0.1,-0.030823471966911764
21.411,0.016,196.0,2.941176470588235,0.1,-0.030854587928921567
21.428,0.017,196.0,0.0,0.1,-0.0318814146752451
21.444,0.016,196.0,0.0,0.1,-0.026218309589460784
21.461,0.017,196.0,0.0,0.1,-0.026591701133578432
21.477,0.016,196.0,0.0,0.1,-0.029236557904411764
21.494,0.017,195.75,-2.941176470588235,0.1,-0.03138355928308824
21.51,0.016,195.75,-2.941176470588235,0.1,-0.028863166360294117
21.526,0.016,196.0,0.18382352941176486,0.1,-0.030263384650735293
21.542,0.016,196.0,0.18382352941176486,0.1,-0.02982776118259804
21.559,0.017,196.0,0.18382352941176486,0.1,-0.028863166360294117
21.575,0.016,196.0,3.125,0.1,-0.030170036764705883
21.592,0.017,196.0,3.125,0.1,-0.029858877144607842
21.608,0.016,196.0,0.0,0.1,-0.029485485600490195
21.624,0.016,196.0,0.0,0.1,-0.03138355928308824
21.641,0.017,196.0,0.0,0.1,-0.030170036764705883
21.657,0.016,195.75,-3.125,0.1,-0.030045572916666666
21.674,0.017,195.75,-3.125,0.1,-0.03013892080269608
21.69,0.016,196.0,0.0,0.1,-0.030045572916666666
21.706,0.016,196.0,0.0,0.1,-0.029267673866421567
21.723,0.017,196.0,0.0,0.1,-0.030418964460784313
21.739,0.016,196.0,3.125,0.1,-0.030761240042892157
21.755,0.016,196.0,3.125,0.1,-0.03079235600490196
21.772,0.017,196.0,0.0,0.1,-0.029921109068627452
21.788,0.016,196.0,0.0,0.1,-0.029423253676470588
21.805,0.017,195.5,-5.88235294117647,0.1,-0.029703297334558825
21.821,0.016,196.0,0.3676470588235297,0.1,-0.030045572916666666
21.837,0.016,196.0,0.3676470588235297,0.1,-0.02945436963848039
21.854,0.017,195.5,-5.51470588235294,0.1,-0.0302945006127451
21.87,0.016,195.75,-2.3897058823529407,0.1,-0.03079235600490196
21.887,0.017,195.75,3.49264705882353,0.1,-0.030667892156862744
21.903,0.016,196.0,0.3676470588235297,0.1,-0.030574544270833334
21.919,0.016,196.0,0.3676470588235297,0.1,-0.03141467524509804
21.936,0.017,196.0,6.25,0.1,-0.030885703890931374
21.952,0.016,195.75,0.0,0.1,-0.031850298713235296
21.968,0.016,195.25,-6.25,0.1,-0.031165747549019608
21.985,0.017,196.0,-0.5514705882352942,0.1,-0.030170036764705883
22.001,0.016,196.0,-0.5514705882352942,0.1,-0.027400716145833334
22.018,0.017,196.25,2.3897058823529407,0.1,-0.025284830729166666
22.034,0.016,196.25,5.51470588235294,0.1,-0.02777410768995098
22.05,0.016,196.0,8.63970588235294,0.1,-0.03104128370098039
22.067,0.017,196.0,-0.18382352941176486,0.1,-0.031445791207107845
22.083,0.016,196.0,-0.18382352941176486,0.1,-0.031134631587009805
22.1,0.017,196.0,-3.125,0.1,-0.030823471966911764
22.116,0.016,196.0,-3.125,0.1,-0.031103515625
22.132,0.016,196.0,0.0,0.1,-0.03203699448529412
22.149,0.017,195.5,-5.88235294117647,0.1,-0.03166360294117647
22.165,0.016,196.0,0.3676470588235297,0.1,-0.03203699448529412
22.181,0.016,196.0,0.3676470588235297,0.1,-0.03225480621936275
22.198,0.017,196.0,0.3676470588235297,0.1,-0.03119686351102941
22.214,0.016,196.0,0.3676470588235297,0.1,-0.03157025505514706
22.231,0.017,196.0,6.25,0.1,-0.030512312346813727
22.247,0.016,196.0,0.0,0.1,-0.03125909543504902
22.263,0.016,196.0,0.0,0.1,-0.03181918275122549
22.28,0.017,196.0,0.0,0.1,-0.030730124080882354
22.296,0.016,195.5,-6.25,0.1,-0.03178806678921569
22.313,0.017,196.0,-0.3676470588235297,0.1,-0.03203699448529412
22.329,0.016,196.0,-0.3676470588235297,0.1,-0.031321327359068625
22.345,0.016,196.0,-0.3676470588235297,0.1,-0.031539139093137256
22.362,0.017,196.0,-0.3676470588235297,0.1,-0.03244150199142157
22.378,0.016,195.5,-0.3676470588235297,0.1,-0.028738702512254903
22.394,0.016,196.0,0.0,0.1,-0.027587411917892157
22.411,0.017,196.0,0.0,0.1,-0.027649643841911764
22.427,0.016,196.0,0.0,0.1,-0.031445791207107845
22.444,0.017,196.0,0.0,0.1,-0.0326904296875
22.46,0.016,196.0,6.25,0.1,-0.03216145833333333
22.476,0.016,196.0,0.0,0.1,-0.03287712545955882
22.493,0.017,196.0,0.0,0.1,-0.0319125306372549
22.509,0.016,196.0,0.0,0.1,-0.031103515625
22.526,0.017,196.0,0.0,0.1,-0.03175695082720588
22.542,0.016,196.0,0.0,0.1,-0.03237927006740196
22.558,0.016,195.75,-3.125,0.1,-0.0326904296875
22.578,0.02,195.5,-5.625,0.1,-0.032223690257352944
22.594,0.016,195.5,-5.625,0.1,-0.030605660232843137
22.612,0.018,196.0,-0.06944444444444428,0.1,-0.03259708180147059
22.628,0.016,196.0,-0.06944444444444428,0.1,-0.032814893535539215
22.644,0.016,196.0,3.055555555555556,0.1,-0.031725834865196076
22.661,0.017,196.0,5.555555555555555,0.1,-0.03203699448529412
22.677,0.016,196.0,5.555555555555555,0.1,-0.031134631587009805
22.693,0.016,196.0,0.0,0.1,-0.031321327359068625
22.71,0.017,196.0,0.0,0.1,-0.03275266161151961
22.725,0.015,196.0,0.0,0.1,-0.03063677619485294
22.742,0.017,195.75,-2.941176470588235,0.1,-0.03104128370098039
22.758,0.016,196.0,0.18382352941176486,0.1,-0.03206811044730392
22.775,0.017,196.0,0.18382352941176486,0.1,-0.032814893535539215
22.791,0.016,196.0,0.18382352941176486,0.1,-0.03094793581495098
22.807,0.016,196.0,0.18382352941176486,0.1,-0.03209922640931372
22.823,0.016,196.0,3.125,0.1,-0.03160137101715686
22.84,0.017,196.0,0.0,0.1,-0.03125909543504902
22.856,0.016,196.0,0.0,0.1,-0.030667892156862744
22.873,0.017,196.0,0.0,0.1,-0.03144